Period (quarter),Month,Age,NSW,VIC,QLD,WA,SA,TAS,ACT,NT,Australia
2014,January,40-49,"1,906","2,351","4,054","1,308",586,495,168,31,"10,899"
2014,February,40-49,"1,970","2,214","4,152","1,265",653,418,188,20,"10,880"
2014,March,40-49,"1,984","1,831","4,265","1,409",790,514,181,58,"11,032"
2014,April,40-49,"1,627","1,569","3,948",893,771,419,174,64,"9,465"
2014,May,40-49,"2,069","1,962","4,497","1,104",802,498,204,119,"11,255"
2014,June,40-49,"1,706","2,067","3,957","1,015",790,484,136,48,"10,203"
2014,July,40-49,"1,770","2,014","4,401","1,252",882,552,153,98,"11,122"
2014,August,40-49,"1,704","1,745","3,814","1,263",863,438,172,48,"10,047"
2014,September,40-49,"1,878","1,794","4,169","1,156",744,481,173,109,"10,504"
2014,October,40-49,"1,975","2,076","4,478","1,192",641,447,178,115,"11,102"
2014,November,40-49,"1,975","1,889","4,149","1,137",631,352,161,84,"10,378"
2014,December,40-49,"1,104","1,255","2,925",903,450,208,112,11,"6,968"
2015,January,40-49,"1,369","1,278","3,765","1,041",554,270,124,18,"8,419"
2015,February,40-49,"1,553","1,714","4,138","1,201",641,254,155,30,"9,686"
2015,March,40-49,"1,767","1,952","4,288","1,371",774,521,105,33,"10,811"
2015,April,40-49,"1,450","1,733","4,018","1,089",766,441,126,79,"9,702"
2015,May,40-49,"1,844","1,800","4,141","1,301",745,466,182,224,"10,703"
2015,June,40-49,"1,708","1,746","4,327","1,447",809,601,136,128,"10,902"
2015,July,40-49,"1,803","1,830","4,468","1,457",740,632,153,86,"11,169"
2015,August,40-49,"1,773","1,721","4,004","1,368",782,404,128,109,"10,289"
2015,September,40-49,"1,860","1,632","4,049","1,309",858,527,150,45,"10,430"
2015,October,40-49,"2,142","1,693","4,504","1,412",714,539,136,159,"11,299"
2015,November,40-49,"2,340","1,685","4,603","1,639",855,493,161,103,"11,879"
2015,December,40-49,"1,104","1,214","3,179","1,156",486,341,142,20,"7,642"
2016,January,40-49,"1,315","1,288","3,321","1,165",605,376,116,39,"8,225"
2016,February,40-49,"1,956","1,629","4,226","1,443",773,451,166,51,"10,695"
2016,March,40-49,"1,942","1,622","4,145","1,370",726,509,185,29,"10,528"
2016,April,40-49,"1,890","1,664","4,011","1,242",686,429,186,41,"10,149"
2016,May,40-49,"2,108","1,794","4,233","1,291",832,533,192,107,"11,090"
2016,June,40-49,"1,817","1,756","4,159","1,296",822,428,162,86,"10,526"
2016,July,40-49,"1,878","1,673","3,713","1,191",704,495,197,72,"9,923"
2016,August,40-49,"2,098","1,533","4,001","1,238",840,516,189,64,"10,479"
2016,September,40-49,"1,799","1,259","4,004","1,049",759,519,147,54,"9,590"
2016,October,40-49,"2,018","1,427","4,016","1,218",787,377,193,98,"10,134"
2016,November,40-49,"2,295","1,709","3,879","1,236",805,496,163,33,"10,616"
2016,December,40-49,"1,024","1,273","2,783",732,527,278,124,15,"6,756"
2017,January,40-49,"1,309","1,315","3,281",806,523,346,125,43,"7,748"
2017,February,40-49,"1,777","1,504","4,106","1,064",798,430,155,41,"9,875"
2017,March,40-49,"2,275","1,796","4,221","1,552",814,496,202,38,"11,394"
2017,April,40-49,"1,593","1,344","3,189",943,627,431,127,41,"8,295"
2017,May,40-49,"2,261","1,836","4,097","1,310",935,494,153,97,"11,183"
2017,June,40-49,"1,935","1,896","4,393","1,188",768,468,166,92,"10,906"
2017,July,40-49,"1,841","1,557","3,983","1,357",760,445,125,74,"10,142"
2017,August,40-49,"2,015","1,828","3,840","1,303",938,537,225,113,"10,799"
2017,September,40-49,"2,012","1,506","3,930","1,293",956,502,191,101,"10,491"
2017,October,40-49,"2,319","1,893","4,470","1,368",763,471,190,109,"11,583"
2017,November,40-49,"2,345","1,811","4,360","1,441",915,611,191,37,"11,711"
2017,December,40-49,"1,202","1,270","2,723",918,619,332,117,22,"7,203"
2018,January,40-49,"1,525","1,484","3,586",928,625,504,120,34,"8,806"
2018,February,40-49,"2,103","1,609","4,175","1,203",777,536,144,34,"10,581"
2018,March,40-49,"2,050","1,684","4,062","1,367",794,562,148,42,"10,709"
2018,April,40-49,"1,579","1,642","3,445","1,156",607,428,125,44,"9,026"
2018,May,40-49,"2,072","2,047","3,832","1,387",945,560,141,104,"11,088"
2018,June,40-49,"1,818","1,929","3,857","1,283",848,463,157,59,"10,414"
2018,July,40-49,"1,642","1,793","3,725","1,291",647,681,128,61,"9,968"
2018,August,40-49,"1,850","2,005","3,697","1,445",846,591,178,80,"10,692"
2018,September,40-49,"1,717","1,652","3,554","1,143",686,525,206,60,"9,543"
2018,October,40-49,"1,945","1,917","3,807","1,608",754,414,146,74,"10,665"
2018,November,40-49,"2,062","1,745","4,177","1,495",769,410,125,36,"10,819"
2018,December,40-49,"1,038","1,372","2,365",868,490,245,107,. .,"6,485"
2019,January,40-49,"1,341","1,720","3,406","1,145",503,377,152,30,"8,674"
2019,February,40-49,"1,792","2,248","3,814","1,295",685,405,173,27,"10,439"
2019,March,40-49,"2,050","1,877","4,005","1,390",706,404,155,29,"10,616"
2019,April,40-49,"1,765","1,683","3,364","1,420",669,426,164,37,"9,528"
2019,May,40-49,"2,168","2,105","3,803","1,582",720,560,213,81,"11,232"
2019,June,40-49,"1,871","1,777","3,642","1,386",600,435,156,69,"9,936"
2019,July,40-49,"1,987","1,896","3,789","1,638",663,547,106,74,"10,700"
2019,August,40-49,"2,119","1,892","3,369","1,629",799,556,182,55,"10,601"
2019,September,40-49,"2,040","1,766","3,121","1,667",792,432,120,27,"9,965"
2019,October,40-49,"2,615","2,338","3,751","1,890",846,663,151,86,"12,340"
2019,November,40-49,"2,410","2,074","3,519","1,802",802,526,189,54,"11,376"
2019,December,40-49,"1,386","1,593","1,891",953,450,336,115,14,"6,738"
2020,January,40-49,"1,821","1,516","2,897","1,287",663,480,143,23,"8,830"
2020,February,40-49,"2,163","1,612","3,132","1,416",717,441,148,30,"9,659"
2020,March,40-49,"1,660","1,233","2,581","1,352",500,369,133,25,"7,853"
2020,April,40-49,. .,2,13,67,6,. .,21,. .,109
2020,May,40-49,339,429,"1,313",931,234,323,3,15,"3,587"
2020,June,40-49,"1,159",876,"2,059","1,475",334,453,109,52,"6,517"
2020,July,40-49,"1,655","1,224","3,078","1,540",479,452,114,35,"8,577"
2020,August,40-49,"1,527","1,088","2,880","1,428",698,552,153,59,"8,385"
2020,September,40-49,"1,708","1,069","3,038","1,425",965,589,149,50,"8,993"
2020,October,40-49,"2,060","1,142","3,254","1,788",797,502,166,59,"9,768"
2020,November,40-49,"2,217","1,329","3,406","1,535",635,471,217,54,"9,864"
2020,December,40-49,"1,315",883,"2,283","1,004",349,436,168,18,"6,456"
2021,January,40-49,"1,469",897,"2,682","1,148",333,448,133,33,"7,143"
2021,February,40-49,"1,865",600,"3,068","1,070",469,388,169,28,"7,657"
2021,March,40-49,"2,017",445,"3,192","1,350",577,478,147,34,"8,240"
2021,April,40-49,"1,611",455,"2,496","1,108",457,436,166,59,"6,788"
2021,May,40-49,"1,974",387,"2,560","1,465",599,507,158,63,"7,713"
2021,June,40-49,"1,799",514,"2,836","1,461",563,448,191,39,"7,851"
2021,July,40-49,"1,104",562,"2,853","1,809",465,497,157,56,"7,503"
2021,August,40-49,420,799,"2,734","1,806",705,513,58,56,"7,091"
2021,September,40-49,33,963,"2,969","1,890",592,590,6,106,"7,149"
2021,October,40-49,523,910,"3,195","1,835",688,449,133,51,"7,784"
2021,November,40-49,"1,263","1,085","3,370","2,011",652,683,136,48,"9,248"
2021,December,40-49,929,949,"2,181","1,197",424,426,113,1,"6,220"
2022,January,40-49,994,942,"2,162","1,540",525,503,172,34,"6,369"
2022,February,40-49,"1,286","1,782","2,429","1,712",678,445,146,25,"8,058"
2022,March,40-49,"1,359","1,333","2,776","1,745",661,562,172,33,"8,079"
2022,April,40-49,964,"1,194","2,217","1,196",520,316,162,31,"6,284"
2022,May,40-49,"1,310","1,589","2,525","1,488",871,574,172,93,"8,048"
2022,June,40-49,"1,199","1,513","2,920","1,483",734,431,199,46,"8,094"
2022,July,40-49,"1,240","1,444","2,936","1,484",560,438,171,54,"8,327"
2022,August,40-49,"1,553","1,429","3,148","1,457",623,475,169,31,"8,885"
2022,September,40-49,"1,325","1,207","2,844","1,500",577,495,154,64,"8,166"
2022,October,40-49,"1,559","1,620","3,005","1,804",668,414,183,60,"9,313"
2022,November,40-49,"1,791","1,633","3,289","1,816",695,500,232,49,"10,005"
2022,December,40-49,"1,003","1,195","1,920","1,331",465,251,123,2,"6,290"
2023,January,40-49,"1,836","1,444","2,793","1,710",544,451,179,47,"9,004"
2023,February,40-49,"2,743","1,811","2,824","1,872",697,439,175,27,"10,588"
2023,March,40-49,"3,019","1,848","3,719","2,094",668,473,237,54,"12,112"
2014,January,50-74,"19,548","13,228","15,629","7,214","4,966","1,975",912,148,"63,620"
2014,February,50-74,"22,986","15,973","16,254","7,135","5,446","1,797","1,079",92,"70,762"
2014,March,50-74,"24,295","15,496","15,988","7,540","5,931","2,033","1,006",249,"72,538"
2014,April,50-74,"21,514","14,730","14,484","7,393","6,304","1,827",955,417,"67,624"
2014,May,50-74,"24,979","18,533","17,037","8,550","7,392","1,963","1,054",919,"80,427"
2014,June,50-74,"22,166","16,919","14,842","7,551","6,168","2,107",865,269,"70,887"
2014,July,50-74,"24,584","19,162","16,499","8,891","6,554","2,700","1,163",541,"80,094"
2014,August,50-74,"22,908","18,672","14,817","8,705","7,382","1,949",955,312,"75,700"
2014,September,50-74,"24,274","19,128","15,846","8,106","7,335","1,875",918,390,"77,872"
2014,October,50-74,"24,359","19,519","16,340","8,426","7,772","2,129","1,143",589,"80,277"
2014,November,50-74,"22,747","16,731","15,546","7,368","6,657","2,284",913,362,"72,608"
2014,December,50-74,"14,072","11,378","10,873","6,001","4,839","1,434",640,109,"49,346"
2015,January,50-74,"19,090","15,426","15,798","6,614","5,832","1,978","1,095",139,"65,972"
2015,February,50-74,"24,192","18,376","16,418","7,574","6,424","2,301","1,234",267,"76,786"
2015,March,50-74,"25,985","18,254","16,148","8,157","5,289","2,185",949,257,"77,224"
2015,April,50-74,"22,357","17,591","14,984","7,201","6,101","1,873","1,006",357,"71,470"
2015,May,50-74,"25,958","18,905","16,040","8,559","6,943","1,874","1,400",778,"80,457"
2015,June,50-74,"25,507","17,604","15,841","8,214","6,794","2,483","1,254",461,"78,158"
2015,July,50-74,"27,918","19,925","17,349","8,669","6,480","2,735","1,378",397,"84,851"
2015,August,50-74,"25,583","18,258","15,778","8,386","6,564","1,918","1,272",457,"78,216"
2015,September,50-74,"26,440","19,247","16,439","7,918","6,370","2,371","1,285",352,"80,422"
2015,October,50-74,"26,647","19,368","16,944","8,941","6,150","2,169","1,469",669,"82,357"
2015,November,50-74,"26,296","18,312","16,283","8,579","6,434","1,935","1,200",520,"79,559"
2015,December,50-74,"13,580","12,551","10,843","6,540","4,172","1,490","1,184",98,"50,458"
2016,January,50-74,"21,987","15,494","14,157","8,021","5,832","1,809",925,289,"68,514"
2016,February,50-74,"25,945","19,234","17,212","9,095","6,819","1,975","1,463",269,"82,012"
2016,March,50-74,"25,214","17,297","16,028","8,047","6,440","2,331","1,382",238,"76,977"
2016,April,50-74,"25,553","19,026","15,756","8,187","6,609","1,866","1,217",247,"78,461"
2016,May,50-74,"27,734","19,841","17,551","9,457","7,458","2,650","1,412",616,"86,719"
2016,June,50-74,"25,416","18,720","17,564","8,468","7,096","2,279","1,248",635,"81,426"
2016,July,50-74,"25,361","17,441","15,458","7,973","6,679","2,338","1,451",431,"77,132"
2016,August,50-74,"28,791","20,539","17,288","8,975","8,647","2,019","1,201",328,"87,788"
2016,September,50-74,"26,844","19,480","16,355","8,192","7,485","2,213","1,327",464,"82,360"
2016,October,50-74,"25,677","20,010","16,595","8,168","7,637","1,887","1,259",690,"81,923"
2016,November,50-74,"26,873","20,313","16,766","9,152","7,529","2,444","1,381",320,"84,778"
2016,December,50-74,"14,211","13,899","10,806","6,078","4,535","1,524",926,172,"52,151"
2017,January,50-74,"20,063","16,999","14,869","7,902","6,091","2,325",984,237,"69,470"
2017,February,50-74,"26,313","18,760","17,021","9,101","6,966","2,519","1,109",367,"82,156"
2017,March,50-74,"29,244","19,644","16,573","9,131","6,829","2,486","1,403",395,"85,705"
2017,April,50-74,"21,105","16,023","13,115","6,274","5,872","1,698",862,358,"65,307"
2017,May,50-74,"29,405","22,457","17,595","9,859","7,755","2,238","1,337",632,"91,278"
2017,June,50-74,"25,580","20,346","18,163","8,376","6,605","1,907","1,373",439,"82,789"
2017,July,50-74,"25,976","20,206","15,726","8,345","6,763","2,063","1,159",582,"80,820"
2017,August,50-74,"29,053","21,575","16,891","8,435","7,058","2,592","1,540",495,"87,639"
2017,September,50-74,"25,270","18,449","16,478","7,827","6,326","2,127","1,605",631,"78,713"
2017,October,50-74,"27,073","20,856","17,699","9,042","6,300","2,277","1,333",688,"85,268"
2017,November,50-74,"28,292","19,405","16,938","8,784","6,809","2,640","1,356",343,"84,567"
2017,December,50-74,"15,270","13,823","10,052","5,545","4,197","1,472","1,047",157,"51,563"
2018,January,50-74,"22,561","17,597","16,659","7,755","5,851","2,385",907,253,"73,968"
2018,February,50-74,"25,825","19,099","17,989","8,804","6,674","2,312","1,245",279,"82,227"
2018,March,50-74,"27,028","18,580","16,386","9,127","6,905","2,590","1,443",325,"82,384"
2018,April,50-74,"23,495","18,478","14,331","8,340","6,279","2,052","1,259",308,"74,542"
2018,May,50-74,"29,639","23,146","17,933","9,960","8,527","2,956","1,432",728,"94,321"
2018,June,50-74,"24,822","19,550","17,623","8,323","7,167","2,220","1,301",577,"81,583"
2018,July,50-74,"26,937","20,854","16,206","9,056","6,371","2,875","1,166",600,"84,065"
2018,August,50-74,"28,776","21,663","17,321","9,778","8,456","2,364","1,549",413,"90,320"
2018,September,50-74,"25,550","18,552","15,213","7,389","7,495","2,087","1,781",329,"78,396"
2018,October,50-74,"28,483","22,181","17,640","9,896","7,966","2,302","1,422",568,"90,458"
2018,November,50-74,"27,732","19,798","18,872","9,519","7,337","2,330","1,276",497,"87,361"
2018,December,50-74,"14,544","14,443","10,235","6,141","4,488","1,414",903,. .,"52,168"
2019,January,50-74,"22,645","18,905","16,417","8,235","6,026","2,285","1,194",399,"76,106"
2019,February,50-74,"27,298","19,673","17,167","8,430","7,183","2,113","1,344",264,"83,472"
2019,March,50-74,"28,598","19,761","17,631","7,482","6,678","2,240","1,280",394,"84,064"
2019,April,50-74,"24,389","18,517","15,097","7,962","6,164","1,803","1,174",358,"75,464"
2019,May,50-74,"29,470","22,203","17,950","9,635","8,093","2,386","1,598",805,"92,140"
2019,June,50-74,"26,342","18,576","16,924","8,016","6,486","2,122","1,530",521,"80,517"
2019,July,50-74,"30,679","22,784","17,122","8,883","7,111","2,475","1,082",650,"90,786"
2019,August,50-74,"27,943","20,942","16,626","8,966","7,219","2,369","1,812",397,"86,274"
2019,September,50-74,"27,059","19,262","16,517","8,023","6,083","2,237","1,288",249,"80,718"
2019,October,50-74,"29,543","21,921","18,247","9,308","7,045","2,792","1,336",741,"90,933"
2019,November,50-74,"27,893","18,684","17,964","8,994","6,753","2,279","1,797",552,"84,916"
2019,December,50-74,"15,474","13,094","10,276","4,811","4,054","1,449","1,255",130,"50,543"
2020,January,50-74,"23,631","19,710","16,985","7,017","6,411","2,605","1,234",366,"77,959"
2020,February,50-74,"27,597","21,034","18,858","7,780","6,911","2,164","1,427",375,"86,146"
2020,March,50-74,"23,549","15,449","15,578","7,605","4,924","1,587","1,336",308,"70,336"
2020,April,50-74,. .,3,38,633,78,. .,364,. .,"1,116"
2020,May,50-74,"6,637","6,951","10,413","8,132","2,714","1,521","1,394",243,"38,005"
2020,June,50-74,"23,318","12,925","15,552","9,200","4,897","2,362","1,542",685,"70,481"
2020,July,50-74,"29,129","16,858","19,293","10,733","6,551","2,550","1,586",577,"87,277"
2020,August,50-74,"27,817","16,815","19,216","9,648","8,542","2,244","1,455",639,"86,376"
2020,September,50-74,"29,524","18,889","19,859","9,579","8,584","2,590","1,755",543,"91,323"
2020,October,50-74,"28,602","18,253","19,241","9,320","7,334","2,489","1,417",402,"87,058"
2020,November,50-74,"29,085","18,385","19,077","8,025","5,752","2,325","1,420",384,"84,453"
2020,December,50-74,"18,201","14,641","12,921","5,470","3,874","1,830","1,106",165,"58,208"
2021,January,50-74,"23,231","14,930","17,554","6,672","4,971","2,575","1,175",380,"71,488"
2021,February,50-74,"28,185","18,333","19,127","5,953","6,086","2,410","1,463",302,"81,859"
2021,March,50-74,"31,800","21,127","19,252","7,697","6,467","2,712","1,459",421,"90,935"
2021,April,50-74,"26,951","19,262","15,274","7,559","6,152","2,461","1,318",589,"79,566"
2021,May,50-74,"29,036","21,234","17,132","9,331","6,718","2,635","1,483",543,"88,112"
2021,June,50-74,"26,502","20,862","18,707","9,029","7,437","2,794","1,374",338,"87,043"
2021,July,50-74,"18,495","23,313","18,033","9,371","6,261","2,535","1,463",536,"80,007"
2021,August,50-74,"6,759","22,682","17,060","9,811","8,810","2,572",520,499,"68,713"
2021,September,50-74,"2,163","21,631","17,769","9,392","7,853","2,606",641,742,"62,797"
2021,October,50-74,"10,318","21,131","15,760","9,896","7,397","1,909",999,445,"67,855"
2021,November,50-74,"25,825","20,372","18,628","9,860","7,755","2,248","1,415",388,"86,491"
2021,December,50-74,"18,842","15,551","11,399","6,592","4,051","1,671","1,208",23,"59,337"
2022,January,50-74,"17,475","15,353","13,278","7,950","5,987","2,104","1,093",244,"61,380"
2022,February,50-74,"25,410","18,233","15,508","8,966","6,383","2,244","1,489",296,"76,285"
2022,March,50-74,"29,637","21,236","18,095","9,477","7,391","2,765","1,747",397,"87,980"
2022,April,50-74,"21,562","16,455","13,264","6,936","5,826","1,573","1,309",324,"65,676"
2022,May,50-74,"26,916","20,920","16,628","8,691","6,866","2,481","1,510",513,"82,044"
2022,June,50-74,"26,102","20,014","17,848","8,723","6,146","2,536","1,467",383,"80,683"
2022,July,50-74,"27,147","19,826","14,975","8,779","6,053","2,554","1,374",614,"81,322"
2022,August,50-74,"32,158","22,363","18,237","9,023","7,546","2,585","1,377",401,"93,690"
2022,September,50-74,"29,719","19,366","16,926","8,073","6,406","2,369","1,339",628,"84,825"
2022,October,50-74,"27,953","20,206","16,477","8,987","6,842","2,098","1,373",525,"84,461"
2022,November,50-74,"30,407","20,112","18,698","9,176","6,940","2,340","1,593",344,"89,610"
2022,December,50-74,"18,139","14,609","11,693","7,055","3,525","1,256",983,31,"57,291"
2023,January,50-74,"23,054","17,511","17,646","8,889","5,580","2,137","1,298",451,"76,566"
2023,February,50-74,"28,255","20,219","18,204","8,777","6,714","2,094","1,448",325,"86,036"
2023,March,50-74,"32,192","21,836","20,766","9,363","6,848","2,940","1,648",443,"96,036"
2014,January,75+,537,446,711,291,243,46,25,1,"2,300"
2014,February,75+,625,486,807,275,287,42,26,. .,"2,548"
2014,March,75+,551,484,774,283,252,66,36,3,"2,449"
2014,April,75+,528,411,657,313,247,44,30,3,"2,233"
2014,May,75+,663,607,845,387,293,52,36,16,"2,899"
2014,June,75+,605,624,726,330,258,57,21,2,"2,623"
2014,July,75+,564,623,790,353,308,42,27,5,"2,712"
2014,August,75+,557,504,714,345,349,33,24,5,"2,531"
2014,September,75+,617,602,794,332,399,51,21,6,"2,822"
2014,October,75+,702,667,820,410,421,55,23,11,"3,109"
2014,November,75+,718,688,803,301,372,16,21,16,"2,935"
2014,December,75+,421,413,484,237,218,. .,15,3,"1,791"
2015,January,75+,522,454,769,268,279,32,25,2,"2,351"
2015,February,75+,617,520,893,291,316,36,37,4,"2,714"
2015,March,75+,657,704,900,341,310,21,24,4,"2,961"
2015,April,75+,579,655,718,297,272,22,30,2,"2,575"
2015,May,75+,713,544,782,331,255,18,37,9,"2,689"
2015,June,75+,670,582,724,348,322,53,27,3,"2,729"
2015,July,75+,765,637,843,365,270,43,30,11,"2,964"
2015,August,75+,682,558,777,336,384,34,28,7,"2,806"
2015,September,75+,715,667,822,279,354,69,30,2,"2,938"
2015,October,75+,908,690,889,331,366,20,43,12,"3,259"
2015,November,75+,"1,010",687,847,336,380,37,34,10,"3,341"
2015,December,75+,364,437,437,261,187,17,37,1,"1,741"
2016,January,75+,647,472,731,302,233,82,28,. .,"2,495"
2016,February,75+,764,549,954,369,296,89,36,3,"3,060"
2016,March,75+,630,524,813,336,263,56,40,9,"2,671"
2016,April,75+,685,539,779,388,298,22,32,2,"2,745"
2016,May,75+,858,628,906,451,350,20,49,12,"3,274"
2016,June,75+,770,630,799,442,305,17,34,9,"3,006"
2016,July,75+,721,518,758,376,230,28,35,7,"2,673"
2016,August,75+,757,516,845,421,379,65,31,6,"3,020"
2016,September,75+,704,558,810,407,422,63,39,7,"3,010"
2016,October,75+,838,620,892,411,428,46,47,16,"3,298"
2016,November,75+,933,742,943,441,465,43,52,2,"3,621"
2016,December,75+,358,446,494,260,205,18,26,. .,"1,807"
2017,January,75+,564,506,784,301,221,73,26,2,"2,477"
2017,February,75+,699,506,996,413,342,58,35,1,"3,050"
2017,March,75+,844,527,894,390,278,43,34,4,"3,014"
2017,April,75+,564,474,789,285,269,20,38,4,"2,443"
2017,May,75+,967,844,"1,041",443,348,53,40,10,"3,746"
2017,June,75+,737,751,937,389,320,35,40,9,"3,218"
2017,July,75+,755,596,804,377,372,45,30,8,"2,987"
2017,August,75+,889,595,928,413,400,48,36,13,"3,322"
2017,September,75+,800,556,898,397,320,31,51,11,"3,064"
2017,October,75+,993,746,"1,036",438,386,20,55,7,"3,681"
2017,November,75+,"1,064",744,915,432,446,66,53,23,"3,743"
2017,December,75+,508,384,434,234,256,22,28,. .,"1,866"
2018,January,75+,772,446,935,305,304,25,25,2,"2,814"
2018,February,75+,829,539,935,379,337,57,38,3,"3,117"
2018,March,75+,900,505,936,386,343,61,50,14,"3,195"
2018,April,75+,805,598,791,431,242,33,42,5,"2,947"
2018,May,75+,983,765,822,574,422,44,41,19,"3,670"
2018,June,75+,795,664,759,462,360,19,35,11,"3,105"
2018,July,75+,864,631,706,502,280,89,29,7,"3,108"
2018,August,75+,910,788,731,552,418,55,43,4,"3,501"
2018,September,75+,823,667,651,436,493,60,40,6,"3,176"
2018,October,75+,"1,053",895,828,518,547,73,33,12,"3,959"
2018,November,75+,"1,174",810,944,587,547,39,51,12,"4,164"
2018,December,75+,465,540,398,323,225,24,37,. .,"2,012"
2019,January,75+,776,590,782,415,302,32,42,3,"2,942"
2019,February,75+,950,629,788,409,360,29,49,4,"3,218"
2019,March,75+,"1,009",613,875,353,317,92,34,10,"3,303"
2019,April,75+,890,599,744,451,281,28,37,5,"3,035"
2019,May,75+,"1,040",716,870,544,406,47,62,12,"3,697"
2019,June,75+,931,609,691,398,314,71,41,5,"3,060"
2019,July,75+,968,605,720,451,353,48,31,12,"3,188"
2019,August,75+,952,558,750,432,400,55,52,6,"3,205"
2019,September,75+,968,643,706,372,356,59,35,5,"3,144"
2019,October,75+,"1,168",812,971,490,437,65,44,9,"3,996"
2019,November,75+,"1,164",833,936,528,460,61,83,12,"4,077"
2019,December,75+,641,507,430,278,171,32,42,6,"2,107"
2020,January,75+,844,511,763,435,305,45,52,6,"2,961"
2020,February,75+,973,559,866,411,336,36,47,8,"3,236"
2020,March,75+,780,427,751,373,215,40,31,11,"2,628"
2020,April,75+,. .,. .,2,45,3,. .,2,. .,52
2020,May,75+,193,223,434,475,106,33,5,2,"1,471"
2020,June,75+,841,445,669,668,233,47,47,19,"2,969"
2020,July,75+,985,493,821,597,296,19,40,26,"3,277"
2020,August,75+,835,388,710,489,446,86,39,6,"2,999"
2020,September,75+,"1,036",386,770,637,564,70,50,11,"3,524"
2020,October,75+,"1,273",475,819,718,682,57,58,7,"4,089"
2020,November,75+,"1,357",457,814,709,455,50,70,13,"3,925"
2020,December,75+,730,377,505,431,213,33,37,4,"2,330"
2021,January,75+,828,605,582,475,209,38,37,6,"2,780"
2021,February,75+,"1,077",264,744,362,277,39,64,5,"2,832"
2021,March,75+,"1,151",150,787,507,323,54,52,4,"3,028"
2021,April,75+,"1,003",181,607,446,321,63,29,11,"2,661"
2021,May,75+,"1,041",224,668,529,326,101,55,7,"2,951"
2021,June,75+,983,196,652,517,346,67,46,7,"2,814"
2021,July,75+,690,195,639,558,261,59,44,13,"2,459"
2021,August,75+,251,205,567,552,402,25,15,10,"2,027"
2021,September,75+,27,310,710,521,448,79,10,25,"2,130"
2021,October,75+,545,332,698,650,376,53,45,13,"2,712"
2021,November,75+,"1,287",731,974,713,424,59,64,13,"4,265"
2021,December,75+,873,505,500,489,227,42,55,3,"2,694"
2022,January,75+,878,969,560,563,374,56,83,7,"3,434"
2022,February,75+,"1,100","1,243",639,593,361,97,45,10,"3,991"
2022,March,75+,"1,229","1,372",831,557,405,114,74,16,"4,484"
2022,April,75+,900,966,587,369,337,61,61,4,"3,224"
2022,May,75+,"1,077","1,264",643,554,387,78,87,8,"4,020"
2022,June,75+,"1,021","1,048",669,607,388,65,111,9,"3,853"
2022,July,75+,904,891,645,463,283,67,57,17,"3,327"
2022,August,75+,"1,185",744,790,541,389,64,54,12,"3,779"
2022,September,75+,"1,125",661,670,592,431,77,42,6,"3,604"
2022,October,75+,"1,278",716,816,635,402,74,47,12,"3,980"
2022,November,75+,"1,533",717,935,775,507,117,76,5,"4,665"
2022,December,75+,841,431,511,492,187,42,43,1,"2,548"
2023,January,75+,"1,054",680,726,621,315,59,44,10,"3,509"
2023,February,75+,"1,454",787,868,570,387,97,57,14,"4,234"
2023,March,75+,"1,581",748,"1,017",603,393,70,88,6,"4,506"
2014,January,40+,"21,991","16,025","20,394","8,813","5,795","2,516","1,105",180,"76,819"
2014,February,40+,"25,581","18,673","21,213","8,675","6,386","2,257","1,293",112,"84,190"
2014,March,40+,"26,830","17,811","21,027","9,232","6,973","2,613","1,223",310,"86,019"
2014,April,40+,"23,669","16,710","19,089","8,599","7,322","2,290","1,159",484,"79,322"
2014,May,40+,"27,711","21,102","22,379","10,041","8,487","2,513","1,294","1,054","94,581"
2014,June,40+,"24,477","19,610","19,525","8,896","7,216","2,648","1,022",319,"83,713"
2014,July,40+,"26,918","21,799","21,690","10,496","7,744","3,294","1,343",644,"93,928"
2014,August,40+,"25,169","20,921","19,345","10,313","8,594","2,420","1,151",365,"88,278"
2014,September,40+,"26,769","21,524","20,809","9,594","8,478","2,407","1,112",505,"91,198"
2014,October,40+,"27,036","22,262","21,638","10,028","8,834","2,631","1,344",715,"94,488"
2014,November,40+,"25,440","19,308","20,498","8,806","7,660","2,652","1,095",462,"85,921"
2014,December,40+,"15,597","13,046","14,282","7,141","5,507","1,642",767,123,"58,105"
2015,January,40+,"20,981","17,158","20,332","7,923","6,665","2,280","1,244",159,"76,742"
2015,February,40+,"26,362","20,610","21,449","9,066","7,381","2,591","1,426",301,"89,186"
2015,March,40+,"28,409","20,910","21,336","9,869","6,373","2,727","1,078",294,"90,996"
2015,April,40+,"24,386","19,979","19,720","8,587","7,139","2,336","1,162",438,"83,747"
2015,May,40+,"28,515","21,249","20,963","10,191","7,943","2,358","1,619","1,011","93,849"
2015,June,40+,"27,885","19,932","20,892","10,009","7,925","3,137","1,417",592,"91,789"
2015,July,40+,"30,486","22,392","22,660","10,491","7,490","3,410","1,561",494,"98,984"
2015,August,40+,"28,038","20,537","20,559","10,090","7,730","2,356","1,428",573,"91,311"
2015,September,40+,"29,015","21,546","21,310","9,506","7,582","2,967","1,465",399,"93,790"
2015,October,40+,"29,697","21,751","22,337","10,684","7,230","2,728","1,648",840,"96,915"
2015,November,40+,"29,646","20,684","21,733","10,554","7,669","2,465","1,395",633,"94,779"
2015,December,40+,"15,048","14,202","14,459","7,957","4,845","1,848","1,363",119,"59,841"
2016,January,40+,"23,949","17,254","18,209","9,488","6,670","2,267","1,069",328,"79,234"
2016,February,40+,"28,665","21,412","22,392","10,907","7,888","2,515","1,665",323,"95,767"
2016,March,40+,"27,786","19,443","20,986","9,753","7,429","2,896","1,607",276,"90,176"
2016,April,40+,"28,128","21,229","20,546","9,817","7,593","2,317","1,435",290,"91,355"
2016,May,40+,"30,700","22,263","22,690","11,199","8,640","3,203","1,653",735,"101,083"
2016,June,40+,"28,003","21,106","22,522","10,206","8,223","2,724","1,444",730,"94,958"
2016,July,40+,"27,960","19,632","19,929","9,540","7,613","2,861","1,683",510,"89,728"
2016,August,40+,"31,646","22,588","22,134","10,634","9,866","2,600","1,421",398,"101,287"
2016,September,40+,"29,347","21,297","21,169","9,648","8,666","2,795","1,513",525,"94,960"
2016,October,40+,"28,533","22,057","21,503","9,797","8,852","2,310","1,499",804,"95,355"
2016,November,40+,"30,101","22,764","21,588","10,829","8,799","2,983","1,596",355,"99,015"
2016,December,40+,"15,593","15,618","14,083","7,070","5,267","1,820","1,076",187,"60,714"
2017,January,40+,"21,936","18,820","18,934","9,009","6,835","2,744","1,135",282,"79,695"
2017,February,40+,"28,789","20,770","22,123","10,578","8,106","3,007","1,299",409,"95,081"
2017,March,40+,"32,363","21,967","21,688","11,073","7,921","3,025","1,639",437,"100,113"
2017,April,40+,"23,262","17,841","17,093","7,502","6,768","2,149","1,027",403,"76,045"
2017,May,40+,"32,633","25,137","22,733","11,612","9,038","2,785","1,530",739,"106,207"
2017,June,40+,"28,252","22,993","23,493","9,953","7,693","2,410","1,579",540,"96,913"
2017,July,40+,"28,572","22,359","20,513","10,079","7,895","2,553","1,314",664,"93,949"
2017,August,40+,"31,957","23,998","21,659","10,151","8,396","3,177","1,801",621,"101,760"
2017,September,40+,"28,082","20,511","21,306","9,517","7,602","2,660","1,847",743,"92,268"
2017,October,40+,"30,385","23,495","23,205","10,848","7,449","2,768","1,578",804,"100,532"
2017,November,40+,"31,701","21,960","22,213","10,657","8,170","3,317","1,600",403,"100,021"
2017,December,40+,"16,980","15,477","13,209","6,697","5,072","1,826","1,192",179,"60,632"
2018,January,40+,"24,858","19,527","21,180","8,988","6,780","2,914","1,052",289,"85,588"
2018,February,40+,"28,757","21,247","23,099","10,386","7,788","2,905","1,427",316,"95,925"
2018,March,40+,"29,978","20,769","21,384","10,880","8,042","3,213","1,641",381,"96,288"
2018,April,40+,"25,879","20,718","18,567","9,927","7,128","2,513","1,426",357,"86,515"
2018,May,40+,"32,694","25,958","22,587","11,921","9,894","3,560","1,614",851,"109,079"
2018,June,40+,"27,435","22,143","22,239","10,068","8,375","2,702","1,493",647,"95,102"
2018,July,40+,"29,443","23,278","20,637","10,849","7,298","3,645","1,323",668,"97,141"
2018,August,40+,"31,536","24,456","21,749","11,775","9,720","3,010","1,770",497,"104,513"
2018,September,40+,"28,090","20,871","19,418","8,968","8,674","2,672","2,027",395,"91,115"
2018,October,40+,"31,481","24,993","22,275","12,022","9,267","2,789","1,601",654,"105,082"
2018,November,40+,"30,968","22,353","23,993","11,601","8,653","2,779","1,452",545,"102,344"
2018,December,40+,"16,047","16,355","12,998","7,332","5,203","1,683","1,047",. .,"60,665"
2019,January,40+,"24,762","21,215","20,605","9,795","6,831","2,694","1,388",432,"87,722"
2019,February,40+,"30,040","22,550","21,769","10,134","8,228","2,547","1,566",295,"97,129"
2019,March,40+,"31,657","22,251","22,511","9,225","7,701","2,736","1,469",433,"97,983"
2019,April,40+,"27,044","20,799","19,205","9,833","7,114","2,257","1,375",400,"88,027"
2019,May,40+,"32,678","25,024","22,623","11,761","9,219","2,993","1,873",898,"107,069"
2019,June,40+,"29,144","20,962","21,257","9,800","7,400","2,628","1,727",595,"93,513"
2019,July,40+,"33,634","25,285","21,631","10,972","8,127","3,070","1,219",736,"104,674"
2019,August,40+,"31,014","23,392","20,745","11,027","8,418","2,980","2,046",458,"100,080"
2019,September,40+,"30,067","21,671","20,344","10,062","7,231","2,728","1,443",281,"93,827"
2019,October,40+,"33,326","25,071","22,969","11,688","8,328","3,520","1,531",836,"107,269"
2019,November,40+,"31,467","21,591","22,419","11,324","8,015","2,866","2,069",618,"100,369"
2019,December,40+,"17,501","15,194","12,597","6,042","4,675","1,817","1,412",150,"59,388"
2020,January,40+,"26,296","21,737","20,645","8,739","7,379","3,130","1,429",395,"89,750"
2020,February,40+,"30,733","23,205","22,856","9,607","7,964","2,641","1,622",413,"99,041"
2020,March,40+,"25,989","17,109","18,910","9,330","5,639","1,996","1,500",344,"80,817"
2020,April,40+,. .,5,53,745,87,. .,387,. .,"1,277"
2020,May,40+,"7,169","7,603","12,160","9,538","3,054","1,877","1,402",260,"43,063"
2020,June,40+,"25,318","14,246","18,280","11,343","5,464","2,862","1,698",756,"79,967"
2020,July,40+,"31,769","18,575","23,192","12,870","7,326","3,021","1,740",638,"99,131"
2020,August,40+,"30,179","18,291","22,806","11,565","9,686","2,882","1,647",704,"97,760"
2020,September,40+,"32,268","20,344","23,667","11,641","10,113","3,249","1,954",604,"103,840"
2020,October,40+,"31,935","19,870","23,314","11,826","8,813","3,048","1,641",468,"100,915"
2020,November,40+,"32,659","20,171","23,297","10,269","6,842","2,846","1,707",451,"98,242"
2020,December,40+,"20,246","15,901","15,709","6,905","4,436","2,299","1,311",187,"66,994"
2021,January,40+,"25,528","16,432","20,818","8,295","5,513","3,061","1,345",419,"81,411"
2021,February,40+,"31,127","19,197","22,939","7,385","6,832","2,837","1,696",335,"92,348"
2021,March,40+,"34,968","21,722","23,231","9,554","7,367","3,244","1,658",459,"102,203"
2021,April,40+,"29,565","19,898","18,377","9,113","6,930","2,960","1,513",659,"89,015"
2021,May,40+,"32,051","21,845","20,360","11,325","7,643","3,243","1,696",613,"98,776"
2021,June,40+,"29,284","21,572","22,195","11,007","8,346","3,309","1,611",384,"97,708"
2021,July,40+,"20,289","24,070","21,525","11,738","6,987","3,091","1,664",605,"89,969"
2021,August,40+,"7,430","23,686","20,361","12,169","9,917","3,110",593,565,"77,831"
2021,September,40+,"2,223","22,904","21,448","11,803","8,893","3,275",657,873,"72,076"
2021,October,40+,"11,386","22,373","19,653","12,381","8,461","2,411","1,177",509,"78,351"
2021,November,40+,"28,375","22,188","22,972","12,584","8,831","2,990","1,615",449,"100,004"
2021,December,40+,"20,644","17,005","14,080","8,278","4,702","2,139","1,376",27,"68,251"
2022,January,40+,"19,347","17,264","16,000","10,053","6,886","2,663","1,348",285,"71,183"
2022,February,40+,"27,796","21,258","18,576","11,271","7,422","2,786","1,680",331,"88,334"
2022,March,40+,"32,225","23,941","21,702","11,779","8,457","3,441","1,993",446,"100,543"
2022,April,40+,"23,426","18,615","16,068","8,501","6,683","1,950","1,532",359,"75,184"
2022,May,40+,"29,303","23,773","19,796","10,733","8,124","3,133","1,769",614,"94,112"
2022,June,40+,"28,322","22,575","21,437","10,813","7,268","3,032","1,777",438,"92,630"
2022,July,40+,"29,291","22,161","18,556","10,726","6,896","3,059","1,602",685,"92,976"
2022,August,40+,"34,896","24,536","22,175","11,021","8,558","3,124","1,600",444,"106,354"
2022,September,40+,"32,169","21,234","20,440","10,165","7,414","2,941","1,535",698,"96,595"
2022,October,40+,"30,790","22,542","20,298","11,426","7,912","2,586","1,603",597,"97,754"
2022,November,40+,"33,731","22,462","22,922","11,767","8,142","2,957","1,901",398,"104,280"
2022,December,40+,"19,983","16,235","14,124","8,878","4,177","1,549","1,149",34,"66,129"
2023,January,40+,"25,944","19,635","21,165","11,220","6,439","2,647","1,521",508,"89,079"
2023,February,40+,"32,452","22,817","21,896","11,219","7,798","2,630","1,680",366,"100,858"
2023,March,40+,"36,792","24,432","25,502","12,060","7,909","3,483","1,973",503,"112,654"