State/territory,Sex,Age group,Year,Participated,Invited,Participation (%)
NSW,Males,50-54,2014-2015,"26,421","108,394",24.4
NSW,Males,55-59,2014-2015,"32,124","101,229",31.7
NSW,Males,60-64,2014-2015,"35,337","94,552",37.4
NSW,Males,65-69,2014-2015,"30,764","81,280",37.8
NSW,Males,70-74,2014-2015,"21,427","44,142",48.5
NSW,Males,50-74,2014-2015,"146,073","429,597",34
NSW,Females,50-54,2014-2015,"29,589","107,019",27.6
NSW,Females,55-59,2014-2015,"36,864","101,181",36.4
NSW,Females,60-64,2014-2015,"40,806","95,956",42.5
NSW,Females,65-69,2014-2015,"34,267","81,612",42
NSW,Females,70-74,2014-2015,"22,144","44,738",49.5
NSW,Females,50-74,2014-2015,"163,670","430,506",38
NSW,Persons,50-54,2014-2015,"56,010","215,413",26
NSW,Persons,55-59,2014-2015,"68,988","202,410",34.1
NSW,Persons,60-64,2014-2015,"76,143","190,508",40
NSW,Persons,65-69,2014-2015,"65,031","162,892",39.9
NSW,Persons,70-74,2014-2015,"43,571","88,880",49
NSW,Persons,50-74,2014-2015,"309,743","860,103",36
Vic,Males,50-54,2014-2015,"22,892","83,804",27.3
Vic,Males,55-59,2014-2015,"26,892","76,117",35.3
Vic,Males,60-64,2014-2015,"28,936","70,452",41.1
Vic,Males,65-69,2014-2015,"24,374","59,736",40.8
Vic,Males,70-74,2014-2015,"16,142","31,349",51.5
Vic,Males,50-74,2014-2015,"119,236","321,458",37.1
Vic,Females,50-54,2014-2015,"27,680","83,965",33
Vic,Females,55-59,2014-2015,"31,764","76,600",41.5
Vic,Females,60-64,2014-2015,"34,670","72,464",47.8
Vic,Females,65-69,2014-2015,"28,521","61,852",46.1
Vic,Females,70-74,2014-2015,"16,650","31,662",52.6
Vic,Females,50-74,2014-2015,"139,285","326,543",42.7
Vic,Persons,50-54,2014-2015,"50,572","167,769",30.1
Vic,Persons,55-59,2014-2015,"58,656","152,717",38.4
Vic,Persons,60-64,2014-2015,"63,606","142,916",44.5
Vic,Persons,65-69,2014-2015,"52,895","121,588",43.5
Vic,Persons,70-74,2014-2015,"32,792","63,011",52
Vic,Persons,50-74,2014-2015,"258,521","648,001",39.9
Qld,Males,50-54,2014-2015,"16,997","66,481",25.6
Qld,Males,55-59,2014-2015,"20,152","61,187",32.9
Qld,Males,60-64,2014-2015,"22,417","56,291",39.8
Qld,Males,65-69,2014-2015,"20,328","49,271",41.3
Qld,Males,70-74,2014-2015,"13,137","25,101",52.3
Qld,Males,50-74,2014-2015,"93,031","258,331",36
Qld,Females,50-54,2014-2015,"19,013","66,010",28.8
Qld,Females,55-59,2014-2015,"22,834","60,613",37.7
Qld,Females,60-64,2014-2015,"25,588","56,360",45.4
Qld,Females,65-69,2014-2015,"22,260","48,494",45.9
Qld,Females,70-74,2014-2015,"13,289","24,487",54.3
Qld,Females,50-74,2014-2015,"102,984","255,964",40.2
Qld,Persons,50-54,2014-2015,"36,010","132,491",27.2
Qld,Persons,55-59,2014-2015,"42,986","121,800",35.3
Qld,Persons,60-64,2014-2015,"48,005","112,651",42.6
Qld,Persons,65-69,2014-2015,"42,588","97,765",43.6
Qld,Persons,70-74,2014-2015,"26,426","49,588",53.3
Qld,Persons,50-74,2014-2015,"196,015","514,295",38.1
WA,Males,50-54,2014-2015,"9,868","34,889",28.3
WA,Males,55-59,2014-2015,"11,232","31,142",36.1
WA,Males,60-64,2014-2015,"11,945","28,148",42.4
WA,Males,65-69,2014-2015,"10,631","23,764",44.7
WA,Males,70-74,2014-2015,"6,197","11,180",55.4
WA,Males,50-74,2014-2015,"49,873","129,123",38.6
WA,Females,50-54,2014-2015,"10,967","33,522",32.7
WA,Females,55-59,2014-2015,"12,679","30,376",41.7
WA,Females,60-64,2014-2015,"13,663","28,000",48.8
WA,Females,65-69,2014-2015,"11,393","23,132",49.3
WA,Females,70-74,2014-2015,"6,080","10,714",56.7
WA,Females,50-74,2014-2015,"54,782","125,744",43.6
WA,Persons,50-54,2014-2015,"20,835","68,411",30.5
WA,Persons,55-59,2014-2015,"23,911","61,518",38.9
WA,Persons,60-64,2014-2015,"25,608","56,148",45.6
WA,Persons,65-69,2014-2015,"22,024","46,896",47
WA,Persons,70-74,2014-2015,"12,277","21,894",56.1
WA,Persons,50-74,2014-2015,"104,655","254,867",41.1
SA,Males,50-54,2014-2015,"8,008","25,387",31.5
SA,Males,55-59,2014-2015,"9,255","23,540",39.3
SA,Males,60-64,2014-2015,"10,331","22,209",46.5
SA,Males,65-69,2014-2015,"9,626","19,598",49.1
SA,Males,70-74,2014-2015,"6,068","10,192",59.5
SA,Males,50-74,2014-2015,"43,288","100,926",42.9
SA,Females,50-54,2014-2015,"9,318","24,987",37.3
SA,Females,55-59,2014-2015,"10,978","23,859",46
SA,Females,60-64,2014-2015,"12,067","22,524",53.6
SA,Females,65-69,2014-2015,"10,815","20,057",53.9
SA,Females,70-74,2014-2015,"6,494","10,629",61.1
SA,Females,50-74,2014-2015,"49,672","102,056",48.7
SA,Persons,50-54,2014-2015,"17,326","50,374",34.4
SA,Persons,55-59,2014-2015,"20,233","47,399",42.7
SA,Persons,60-64,2014-2015,"22,398","44,733",50.1
SA,Persons,65-69,2014-2015,"20,441","39,655",51.5
SA,Persons,70-74,2014-2015,"12,562","20,821",60.3
SA,Persons,50-74,2014-2015,"92,960","202,982",45.8
Tas,Males,50-54,2014-2015,"2,072","7,481",27.7
Tas,Males,55-59,2014-2015,"2,838","7,513",37.8
Tas,Males,60-64,2014-2015,"3,268","7,208",45.3
Tas,Males,65-69,2014-2015,"3,054","6,554",46.6
Tas,Males,70-74,2014-2015,"1,957","3,339",58.6
Tas,Males,50-74,2014-2015,"13,189","32,095",41.1
Tas,Females,50-54,2014-2015,"2,625","7,710",34
Tas,Females,55-59,2014-2015,"3,467","7,805",44.4
Tas,Females,60-64,2014-2015,"3,968","7,581",52.3
Tas,Females,65-69,2014-2015,"3,614","6,678",54.1
Tas,Females,70-74,2014-2015,"2,090","3,510",59.5
Tas,Females,50-74,2014-2015,"15,764","33,284",47.4
Tas,Persons,50-54,2014-2015,"4,697","15,191",30.9
Tas,Persons,55-59,2014-2015,"6,305","15,318",41.2
Tas,Persons,60-64,2014-2015,"7,236","14,789",48.9
Tas,Persons,65-69,2014-2015,"6,668","13,232",50.4
Tas,Persons,70-74,2014-2015,"4,047","6,849",59.1
Tas,Persons,50-74,2014-2015,"28,953","65,379",44.3
ACT,Males,50-54,2014-2015,"1,583","5,403",29.3
ACT,Males,55-59,2014-2015,"1,857","5,007",37.1
ACT,Males,60-64,2014-2015,"1,908","4,301",44.4
ACT,Males,65-69,2014-2015,"1,731","3,781",45.8
ACT,Males,70-74,2014-2015,"1,027","1,820",56.4
ACT,Males,50-74,2014-2015,"8,106","20,312",39.9
ACT,Females,50-54,2014-2015,"1,816","5,636",32.2
ACT,Females,55-59,2014-2015,"2,150","5,101",42.1
ACT,Females,60-64,2014-2015,"2,213","4,510",49.1
ACT,Females,65-69,2014-2015,"1,903","3,871",49.2
ACT,Females,70-74,2014-2015,"1,104","1,926",57.3
ACT,Females,50-74,2014-2015,"9,186","21,044",43.7
ACT,Persons,50-54,2014-2015,"3,399","11,039",30.8
ACT,Persons,55-59,2014-2015,"4,007","10,108",39.6
ACT,Persons,60-64,2014-2015,"4,121","8,811",46.8
ACT,Persons,65-69,2014-2015,"3,634","7,652",47.5
ACT,Persons,70-74,2014-2015,"2,131","3,746",56.9
ACT,Persons,50-74,2014-2015,"17,292","41,356",41.8
NT,Males,50-54,2014-2015,642,"3,319",19.3
NT,Males,55-59,2014-2015,775,"2,873",27
NT,Males,60-64,2014-2015,901,"2,811",32.1
NT,Males,65-69,2014-2015,591,"1,897",31.2
NT,Males,70-74,2014-2015,187,514,36.4
NT,Males,50-74,2014-2015,"3,096","11,414",27.1
NT,Females,50-54,2014-2015,677,"2,976",22.7
NT,Females,55-59,2014-2015,859,"2,734",31.4
NT,Females,60-64,2014-2015,906,"2,516",36
NT,Females,65-69,2014-2015,492,"1,529",32.2
NT,Females,70-74,2014-2015,158,447,35.3
NT,Females,50-74,2014-2015,"3,092","10,202",30.3
NT,Persons,50-54,2014-2015,"1,319","6,295",21
NT,Persons,55-59,2014-2015,"1,634","5,607",29.1
NT,Persons,60-64,2014-2015,"1,807","5,327",33.9
NT,Persons,65-69,2014-2015,"1,083","3,426",31.6
NT,Persons,70-74,2014-2015,345,961,35.9
NT,Persons,50-74,2014-2015,"6,188","21,616",28.6
Australia,Males,50-54,2014-2015,"88,483","335,158",26.4
Australia,Males,55-59,2014-2015,"105,125","308,608",34.1
Australia,Males,60-64,2014-2015,"115,043","285,972",40.2
Australia,Males,65-69,2014-2015,"101,099","245,881",41.1
Australia,Males,70-74,2014-2015,"66,142","127,637",51.8
Australia,Males,50-74,2014-2015,"475,892","1,303,256",36.5
Australia,Females,50-54,2014-2015,"101,685","331,825",30.6
Australia,Females,55-59,2014-2015,"121,595","308,269",39.4
Australia,Females,60-64,2014-2015,"133,881","289,911",46.2
Australia,Females,65-69,2014-2015,"113,265","247,225",45.8
Australia,Females,70-74,2014-2015,"68,009","128,113",53.1
Australia,Females,50-74,2014-2015,"538,435","1,305,343",41.2
Australia,Persons,50-54,2014-2015,"190,168","666,983",28.5
Australia,Persons,55-59,2014-2015,"226,720","616,877",36.8
Australia,Persons,60-64,2014-2015,"248,924","575,883",43.2
Australia,Persons,65-69,2014-2015,"214,364","493,106",43.5
Australia,Persons,70-74,2014-2015,"134,151","255,750",52.5
Australia,Persons,50-74,2014-2015,"1,014,327","2,608,599",38.9
Australia,Persons,50-74,2015-2016,1298942,3174835,40.9
NSW,Males,50-54,2016-2017,36402,142633,25.5
NSW,Males,55-59,2016-2017,42821,139861,30.6
NSW,Males,60-64,2016-2017,59992,159624,37.6
NSW,Males,65-69,2016-2017,30035,70505,42.6
NSW,Males,70-74,2016-2017,76837,159116,48.3
NSW,Males,50-74,2016-2017,246087,671739,36.6
NSW,Females,50-54,2016-2017,40989,143064,28.7
NSW,Females,55-59,2016-2017,48669,139453,34.9
NSW,Females,60-64,2016-2017,68032,162196,41.9
NSW,Females,65-69,2016-2017,32581,71035,45.9
NSW,Females,70-74,2016-2017,78951,159977,49.4
NSW,Females,50-74,2016-2017,269222,675725,39.8
NSW,Persons,50-54,2016-2017,77391,285697,27.1
NSW,Persons,55-59,2016-2017,91490,279314,32.8
NSW,Persons,60-64,2016-2017,128024,321820,39.8
NSW,Persons,65-69,2016-2017,62616,141540,44.2
NSW,Persons,70-74,2016-2017,155788,319093,48.8
NSW,Persons,50-74,2016-2017,515309,1347464,38.2
Vic,Males,50-54,2016-2017,33871,112285,30.2
Vic,Males,55-59,2016-2017,37590,105655,35.6
Vic,Males,60-64,2016-2017,50452,119177,42.3
Vic,Males,65-69,2016-2017,24316,52376,46.4
Vic,Males,70-74,2016-2017,61645,117760,52.3
Vic,Males,50-74,2016-2017,207874,507253,41
Vic,Females,50-54,2016-2017,39751,113240,35.1
Vic,Females,55-59,2016-2017,43444,106283,40.9
Vic,Females,60-64,2016-2017,58486,122064,47.9
Vic,Females,65-69,2016-2017,27664,54094,51.1
Vic,Females,70-74,2016-2017,65525,121656,53.9
Vic,Females,50-74,2016-2017,234870,517337,45.4
Vic,Persons,50-54,2016-2017,73622,225525,32.6
Vic,Persons,55-59,2016-2017,81034,211938,38.2
Vic,Persons,60-64,2016-2017,108938,241241,45.2
Vic,Persons,65-69,2016-2017,51980,106470,48.8
Vic,Persons,70-74,2016-2017,127170,239416,53.1
Vic,Persons,50-74,2016-2017,442744,1024590,43.2
Qld,Males,50-54,2016-2017,24247,88042,27.5
Qld,Males,55-59,2016-2017,26805,83600,32.1
Qld,Males,60-64,2016-2017,37835,94050,40.2
Qld,Males,65-69,2016-2017,19280,42175,45.7
Qld,Males,70-74,2016-2017,49295,93816,52.5
Qld,Males,50-74,2016-2017,157462,401683,39.2
Qld,Females,50-54,2016-2017,26628,88409,30.1
Qld,Females,55-59,2016-2017,30234,83809,36.1
Qld,Females,60-64,2016-2017,42156,93903,44.9
Qld,Females,65-69,2016-2017,20296,41519,48.9
Qld,Females,70-74,2016-2017,49742,91529,54.3
Qld,Females,50-74,2016-2017,169056,399169,42.4
Qld,Persons,50-54,2016-2017,50875,176451,28.8
Qld,Persons,55-59,2016-2017,57039,167409,34.1
Qld,Persons,60-64,2016-2017,79991,187953,42.6
Qld,Persons,65-69,2016-2017,39576,83694,47.3
Qld,Persons,70-74,2016-2017,99037,185345,53.4
Qld,Persons,50-74,2016-2017,326518,800852,40.8
WA,Males,50-54,2016-2017,14291,48899,29.2
WA,Males,55-59,2016-2017,15624,45059,34.7
WA,Males,60-64,2016-2017,21320,50444,42.3
WA,Males,65-69,2016-2017,10625,22348,47.5
WA,Males,70-74,2016-2017,25395,46190,55
WA,Males,50-74,2016-2017,87255,212940,41
WA,Females,50-54,2016-2017,15579,47313,32.9
WA,Females,55-59,2016-2017,17533,44301,39.6
WA,Females,60-64,2016-2017,23829,49689,48
WA,Females,65-69,2016-2017,11252,21931,51.3
WA,Females,70-74,2016-2017,25441,44829,56.8
WA,Females,50-74,2016-2017,93634,208063,45
WA,Persons,50-54,2016-2017,29870,96212,31
WA,Persons,55-59,2016-2017,33157,89360,37.1
WA,Persons,60-64,2016-2017,45149,100133,45.1
WA,Persons,65-69,2016-2017,21877,44279,49.4
WA,Persons,70-74,2016-2017,50836,91019,55.9
WA,Persons,50-74,2016-2017,180889,421003,43
SA,Males,50-54,2016-2017,10039,32911,30.5
SA,Males,55-59,2016-2017,11637,32035,36.3
SA,Males,60-64,2016-2017,16693,36889,45.3
SA,Males,65-69,2016-2017,8390,16513,50.8
SA,Males,70-74,2016-2017,21693,37252,58.2
SA,Males,50-74,2016-2017,68452,155600,44
SA,Females,50-54,2016-2017,11732,32638,35.9
SA,Females,55-59,2016-2017,13621,32472,41.9
SA,Females,60-64,2016-2017,19285,37881,50.9
SA,Females,65-69,2016-2017,9469,17109,55.3
SA,Females,70-74,2016-2017,23439,39003,60.1
SA,Females,50-74,2016-2017,77546,159103,48.7
SA,Persons,50-54,2016-2017,21771,65549,33.2
SA,Persons,55-59,2016-2017,25258,64507,39.2
SA,Persons,60-64,2016-2017,35978,74770,48.1
SA,Persons,65-69,2016-2017,17859,33622,53.1
SA,Persons,70-74,2016-2017,45132,76255,59.2
SA,Persons,50-74,2016-2017,145998,314703,46.4
Tas,Males,50-54,2016-2017,2785,9276,30
Tas,Males,55-59,2016-2017,3505,10044,34.9
Tas,Males,60-64,2016-2017,5544,12254,45.2
Tas,Males,65-69,2016-2017,2861,5636,50.8
Tas,Males,70-74,2016-2017,7267,12632,57.5
Tas,Males,50-74,2016-2017,21962,49842,44.1
Tas,Females,50-54,2016-2017,3271,9711,33.7
Tas,Females,55-59,2016-2017,4263,10207,41.8
Tas,Females,60-64,2016-2017,6328,12153,52.1
Tas,Females,65-69,2016-2017,3185,5683,56
Tas,Females,70-74,2016-2017,7469,12449,60
Tas,Females,50-74,2016-2017,24516,50203,48.8
Tas,Persons,50-54,2016-2017,6056,18987,31.9
Tas,Persons,55-59,2016-2017,7768,20251,38.4
Tas,Persons,60-64,2016-2017,11872,24407,48.6
Tas,Persons,65-69,2016-2017,6046,11319,53.4
Tas,Persons,70-74,2016-2017,14736,25081,58.8
Tas,Persons,50-74,2016-2017,46478,100045,46.5
ACT,Males,50-54,2016-2017,2194,7127,30.8
ACT,Males,55-59,2016-2017,2358,6622,35.6
ACT,Males,60-64,2016-2017,3169,7346,43.1
ACT,Males,65-69,2016-2017,1528,3142,48.6
ACT,Males,70-74,2016-2017,3638,6642,54.8
ACT,Males,50-74,2016-2017,12887,30879,41.7
ACT,Females,50-54,2016-2017,2405,7236,33.2
ACT,Females,55-59,2016-2017,2739,6837,40.1
ACT,Females,60-64,2016-2017,3749,7750,48.4
ACT,Females,65-69,2016-2017,1684,3314,50.8
ACT,Females,70-74,2016-2017,3942,7025,56.1
ACT,Females,50-74,2016-2017,14519,32162,45.1
ACT,Persons,50-54,2016-2017,4599,14363,32
ACT,Persons,55-59,2016-2017,5097,13459,37.9
ACT,Persons,60-64,2016-2017,6918,15096,45.8
ACT,Persons,65-69,2016-2017,3212,6456,49.8
ACT,Persons,70-74,2016-2017,7580,13667,55.5
ACT,Persons,50-74,2016-2017,27406,63041,43.5
NT,Males,50-54,2016-2017,753,4023,18.7
NT,Males,55-59,2016-2017,857,3545,24.2
NT,Males,60-64,2016-2017,1220,3861,31.6
NT,Males,65-69,2016-2017,435,1359,32
NT,Males,70-74,2016-2017,900,2511,35.8
NT,Males,50-74,2016-2017,4165,15299,27.2
NT,Females,50-54,2016-2017,827,3753,22
NT,Females,55-59,2016-2017,903,3287,27.5
NT,Females,60-64,2016-2017,1064,3318,32.1
NT,Females,65-69,2016-2017,380,1129,33.7
NT,Females,70-74,2016-2017,749,2014,37.2
NT,Females,50-74,2016-2017,3923,13501,29.1
NT,Persons,50-54,2016-2017,1580,7776,20.3
NT,Persons,55-59,2016-2017,1760,6832,25.8
NT,Persons,60-64,2016-2017,2284,7179,31.8
NT,Persons,65-69,2016-2017,815,2488,32.8
NT,Persons,70-74,2016-2017,1649,4525,36.4
NT,Persons,50-74,2016-2017,8088,28800,28.1
Australia,Males,50-54,2016-2017,124582,445196,28
Australia,Males,55-59,2016-2017,141197,426421,33.1
Australia,Males,60-64,2016-2017,196225,483645,40.6
Australia,Males,65-69,2016-2017,97470,214054,45.5
Australia,Males,70-74,2016-2017,246670,475919,51.8
Australia,Males,50-74,2016-2017,806144,2045235,39.4
Australia,Females,50-54,2016-2017,141182,445364,31.7
Australia,Females,55-59,2016-2017,161406,426649,37.8
Australia,Females,60-64,2016-2017,222929,488954,45.6
Australia,Females,65-69,2016-2017,106511,215814,49.4
Australia,Females,70-74,2016-2017,255258,478482,53.3
Australia,Females,50-74,2016-2017,887286,2055263,43.2
Australia,Persons,50-54,2016-2017,265764,890560,29.8
Australia,Persons,55-59,2016-2017,302603,853070,35.5
Australia,Persons,60-64,2016-2017,419154,972599,43.1
Australia,Persons,65-69,2016-2017,203981,429868,47.5
Australia,Persons,70-74,2016-2017,501928,954401,52.6
Australia,Persons,50-74,2016-2017,1693430,4100498,41.3
NSW,Males,50-54,2017-2018,53684,196626,27.3
NSW,Males,55-59,2017-2018,46003,142636,32.3
NSW,Males,60-64,2017-2018,78127,204947,38.1
NSW,Males,65-69,2017-2018,46915,105565,44.4
NSW,Males,70-74,2017-2018,82458,169229,48.7
NSW,Males,50-74,2017-2018,307187,819003,37.5
NSW,Females,50-54,2017-2018,61389,198815,30.9
NSW,Females,55-59,2017-2018,52598,142804,36.8
NSW,Females,60-64,2017-2018,89980,209217,43
NSW,Females,65-69,2017-2018,51600,108012,47.8
NSW,Females,70-74,2017-2018,85767,170859,50.2
NSW,Females,50-74,2017-2018,341334,829707,41.1
NSW,Persons,50-54,2017-2018,115073,395441,29.1
NSW,Persons,55-59,2017-2018,98601,285440,34.5
NSW,Persons,60-64,2017-2018,168107,414164,40.6
NSW,Persons,65-69,2017-2018,98515,213577,46.1
NSW,Persons,70-74,2017-2018,168225,340088,49.5
NSW,Persons,50-74,2017-2018,648521,1648710,39.3
Vic,Males,50-54,2017-2018,51806,157337,32.9
Vic,Males,55-59,2017-2018,41013,108288,37.9
Vic,Males,60-64,2017-2018,67056,153849,43.6
Vic,Males,65-69,2017-2018,39324,79149,49.7
Vic,Males,70-74,2017-2018,66553,124516,53.4
Vic,Males,50-74,2017-2018,265752,623139,42.6
Vic,Females,50-54,2017-2018,60962,159095,38.3
Vic,Females,55-59,2017-2018,47986,109755,43.7
Vic,Females,60-64,2017-2018,78938,158572,49.8
Vic,Females,65-69,2017-2018,44836,82810,54.1
Vic,Females,70-74,2017-2018,72086,129946,55.5
Vic,Females,50-74,2017-2018,304808,640178,47.6
Vic,Persons,50-54,2017-2018,112768,316432,35.6
Vic,Persons,55-59,2017-2018,88999,218043,40.8
Vic,Persons,60-64,2017-2018,145994,312421,46.7
Vic,Persons,65-69,2017-2018,84160,161959,52
Vic,Persons,70-74,2017-2018,138639,254462,54.5
Vic,Persons,50-74,2017-2018,570560,1263317,45.2
Qld,Males,50-54,2017-2018,35472,126114,28.1
Qld,Males,55-59,2017-2018,29147,88393,33
Qld,Males,60-64,2017-2018,48760,123744,39.4
Qld,Males,65-69,2017-2018,30598,65352,46.8
Qld,Males,70-74,2017-2018,53397,102725,52
Qld,Males,50-74,2017-2018,197374,506328,39
Qld,Females,50-54,2017-2018,39677,126681,31.3
Qld,Females,55-59,2017-2018,33125,88671,37.4
Qld,Females,60-64,2017-2018,55811,125176,44.6
Qld,Females,65-69,2017-2018,32717,64909,50.4
Qld,Females,70-74,2017-2018,54889,101352,54.2
Qld,Females,50-74,2017-2018,216219,506789,42.7
Qld,Persons,50-54,2017-2018,75149,252795,29.7
Qld,Persons,55-59,2017-2018,62272,177064,35.2
Qld,Persons,60-64,2017-2018,104571,248920,42
Qld,Persons,65-69,2017-2018,63315,130261,48.6
Qld,Persons,70-74,2017-2018,108286,204077,53.1
Qld,Persons,50-74,2017-2018,413593,1013117,40.8
WA,Males,50-54,2017-2018,21017,68074,30.9
WA,Males,55-59,2017-2018,16846,46671,36.1
WA,Males,60-64,2017-2018,27859,65298,42.7
WA,Males,65-69,2017-2018,16349,32907,49.7
WA,Males,70-74,2017-2018,27352,49936,54.8
WA,Males,50-74,2017-2018,109423,262886,41.6
WA,Females,50-54,2017-2018,23286,66066,35.2
WA,Females,55-59,2017-2018,18963,45979,41.2
WA,Females,60-64,2017-2018,31447,65012,48.4
WA,Females,65-69,2017-2018,17629,32906,53.6
WA,Females,70-74,2017-2018,27909,48963,57
WA,Females,50-74,2017-2018,119234,258926,46
WA,Persons,50-54,2017-2018,44303,134140,33
WA,Persons,55-59,2017-2018,35809,92650,38.6
WA,Persons,60-64,2017-2018,59306,130310,45.5
WA,Persons,65-69,2017-2018,33978,65813,51.6
WA,Persons,70-74,2017-2018,55261,98899,55.9
WA,Persons,50-74,2017-2018,228657,521812,43.8
SA,Males,50-54,2017-2018,14698,44931,32.7
SA,Males,55-59,2017-2018,12368,32437,38.1
SA,Males,60-64,2017-2018,21400,47027,45.5
SA,Males,65-69,2017-2018,13150,24801,53
SA,Males,70-74,2017-2018,23044,39465,58.4
SA,Males,50-74,2017-2018,84660,188661,44.9
SA,Females,50-54,2017-2018,17072,44722,38.2
SA,Females,55-59,2017-2018,14557,32872,44.3
SA,Females,60-64,2017-2018,24910,48228,51.7
SA,Females,65-69,2017-2018,14949,25854,57.8
SA,Females,70-74,2017-2018,25102,41497,60.5
SA,Females,50-74,2017-2018,96590,193173,50
SA,Persons,50-54,2017-2018,31770,89653,35.4
SA,Persons,55-59,2017-2018,26925,65309,41.2
SA,Persons,60-64,2017-2018,46310,95255,48.6
SA,Persons,65-69,2017-2018,28099,50655,55.5
SA,Persons,70-74,2017-2018,48146,80962,59.5
SA,Persons,50-74,2017-2018,181250,381834,47.5
Tas,Males,50-54,2017-2018,4389,13503,32.5
Tas,Males,55-59,2017-2018,3980,10514,37.9
Tas,Males,60-64,2017-2018,7143,15644,45.7
Tas,Males,65-69,2017-2018,4557,8565,53.2
Tas,Males,70-74,2017-2018,7918,13526,58.5
Tas,Males,50-74,2017-2018,27987,61752,45.3
Tas,Females,50-54,2017-2018,5178,14173,36.5
Tas,Females,55-59,2017-2018,4804,10864,44.2
Tas,Females,60-64,2017-2018,8517,16017,53.2
Tas,Females,65-69,2017-2018,5086,8709,58.4
Tas,Females,70-74,2017-2018,8175,13548,60.3
Tas,Females,50-74,2017-2018,31760,63311,50.2
Tas,Persons,50-54,2017-2018,9567,27676,34.6
Tas,Persons,55-59,2017-2018,8784,21378,41.1
Tas,Persons,60-64,2017-2018,15660,31661,49.5
Tas,Persons,65-69,2017-2018,9643,17274,55.8
Tas,Persons,70-74,2017-2018,16093,27074,59.4
Tas,Persons,50-74,2017-2018,59747,125063,47.8
ACT,Males,50-54,2017-2018,3213,9973,32.2
ACT,Males,55-59,2017-2018,2628,6905,38.1
ACT,Males,60-64,2017-2018,4053,9238,43.9
ACT,Males,65-69,2017-2018,2413,4799,50.3
ACT,Males,70-74,2017-2018,3918,7140,54.9
ACT,Males,50-74,2017-2018,16225,38055,42.6
ACT,Females,50-54,2017-2018,3644,10132,36
ACT,Females,55-59,2017-2018,2934,6998,41.9
ACT,Females,60-64,2017-2018,4881,9854,49.5
ACT,Females,65-69,2017-2018,2736,5050,54.2
ACT,Females,70-74,2017-2018,4386,7693,57
ACT,Females,50-74,2017-2018,18581,39727,46.8
ACT,Persons,50-54,2017-2018,6857,20105,34.1
ACT,Persons,55-59,2017-2018,5562,13903,40
ACT,Persons,60-64,2017-2018,8934,19092,46.8
ACT,Persons,65-69,2017-2018,5149,9849,52.3
ACT,Persons,70-74,2017-2018,8304,14833,56
ACT,Persons,50-74,2017-2018,34806,77782,44.7
NT,Males,50-54,2017-2018,1289,6545,19.7
NT,Males,55-59,2017-2018,1103,4431,24.9
NT,Males,60-64,2017-2018,1829,5820,31.4
NT,Males,65-69,2017-2018,903,2590,34.9
NT,Males,70-74,2017-2018,1200,3249,36.9
NT,Males,50-74,2017-2018,6324,22635,27.9
NT,Females,50-54,2017-2018,1415,6105,23.2
NT,Females,55-59,2017-2018,1209,4196,28.8
NT,Females,60-64,2017-2018,1696,5249,32.3
NT,Females,65-69,2017-2018,770,2125,36.2
NT,Females,70-74,2017-2018,1021,2593,39.4
NT,Females,50-74,2017-2018,6111,20268,30.2
NT,Persons,50-54,2017-2018,2704,12650,21.4
NT,Persons,55-59,2017-2018,2312,8627,26.8
NT,Persons,60-64,2017-2018,3525,11069,31.8
NT,Persons,65-69,2017-2018,1673,4715,35.5
NT,Persons,70-74,2017-2018,2221,5842,38
NT,Persons,50-74,2017-2018,12435,42903,29
Australia,Males,50-54,2017-2018,185568,623103,29.8
Australia,Males,55-59,2017-2018,153088,440275,34.8
Australia,Males,60-64,2017-2018,256227,625567,41
Australia,Males,65-69,2017-2018,154209,323728,47.6
Australia,Males,70-74,2017-2018,265840,509786,52.1
Australia,Males,50-74,2017-2018,1014932,2522459,40.2
Australia,Females,50-54,2017-2018,212623,625789,34
Australia,Females,55-59,2017-2018,176176,442139,39.8
Australia,Females,60-64,2017-2018,296180,637325,46.5
Australia,Females,65-69,2017-2018,170323,330375,51.6
Australia,Females,70-74,2017-2018,279335,516451,54.1
Australia,Females,50-74,2017-2018,1134637,2552079,44.5
Australia,Persons,50-54,2017-2018,398191,1248892,31.9
Australia,Persons,55-59,2017-2018,329264,882414,37.3
Australia,Persons,60-64,2017-2018,552407,1262892,43.7
Australia,Persons,65-69,2017-2018,324532,654103,49.6
Australia,Persons,70-74,2017-2018,545175,1026237,53.1
Australia,Persons,50-74,2017-2018,2149569,5074538,42.4
NSW,Males,50-54,2018-2019,67540,233424,28.9
NSW,Males,55-59,2018-2019,46805,139072,33.7
NSW,Males,60-64,2018-2019,93732,238788,39.3
NSW,Males,65-69,2018-2019,63218,138956,45.5
NSW,Males,70-74,2018-2019,84649,169823,49.8
NSW,Males,50-74,2018-2019,355944,920063,38.7
NSW,Females,50-54,2018-2019,76493,235401,32.5
NSW,Females,55-59,2018-2019,53431,140191,38.1
NSW,Females,60-64,2018-2019,107340,244605,43.9
NSW,Females,65-69,2018-2019,69888,141993,49.2
NSW,Females,70-74,2018-2019,88468,172229,51.4
NSW,Females,50-74,2018-2019,395620,934419,42.3
NSW,Persons,50-54,2018-2019,144033,468825,30.7
NSW,Persons,55-59,2018-2019,100236,279263,35.9
NSW,Persons,60-64,2018-2019,201072,483393,41.6
NSW,Persons,65-69,2018-2019,133106,280949,47.4
NSW,Persons,70-74,2018-2019,173117,342052,50.6
NSW,Persons,50-74,2018-2019,751564,1854482,40.5
Vic,Males,50-54,2018-2019,63570,186380,34.1
Vic,Males,55-59,2018-2019,40994,105191,39
Vic,Males,60-64,2018-2019,79368,178831,44.4
Vic,Males,65-69,2018-2019,51837,102612,50.5
Vic,Males,70-74,2018-2019,67151,124297,54
Vic,Males,50-74,2018-2019,302920,697311,43.4
Vic,Females,50-54,2018-2019,74560,189396,39.4
Vic,Females,55-59,2018-2019,47479,106402,44.6
Vic,Females,60-64,2018-2019,92590,183961,50.3
Vic,Females,65-69,2018-2019,59423,107464,55.3
Vic,Females,70-74,2018-2019,73383,130486,56.2
Vic,Females,50-74,2018-2019,347435,717709,48.4
Vic,Persons,50-54,2018-2019,138130,375776,36.8
Vic,Persons,55-59,2018-2019,88473,211593,41.8
Vic,Persons,60-64,2018-2019,171958,362792,47.4
Vic,Persons,65-69,2018-2019,111260,210076,53
Vic,Persons,70-74,2018-2019,140534,254783,55.2
Vic,Persons,50-74,2018-2019,650355,1415020,46
Qld,Males,50-54,2018-2019,45018,153885,29.3
Qld,Males,55-59,2018-2019,30096,89187,33.7
Qld,Males,60-64,2018-2019,58874,147100,40
Qld,Males,65-69,2018-2019,41737,87301,47.8
Qld,Males,70-74,2018-2019,55371,105538,52.5
Qld,Males,50-74,2018-2019,231096,583011,39.6
Qld,Females,50-54,2018-2019,50641,155386,32.6
Qld,Females,55-59,2018-2019,34723,90157,38.5
Qld,Females,60-64,2018-2019,67501,149209,45.2
Qld,Females,65-69,2018-2019,45191,87120,51.9
Qld,Females,70-74,2018-2019,57598,105035,54.8
Qld,Females,50-74,2018-2019,255654,586907,43.6
Qld,Persons,50-54,2018-2019,95659,309271,30.9
Qld,Persons,55-59,2018-2019,64819,179344,36.1
Qld,Persons,60-64,2018-2019,126375,296309,42.6
Qld,Persons,65-69,2018-2019,86928,174421,49.8
Qld,Persons,70-74,2018-2019,112969,210573,53.6
Qld,Persons,50-74,2018-2019,486750,1169918,41.6
WA,Males,50-54,2018-2019,27908,82653,33.8
WA,Males,55-59,2018-2019,17937,46466,38.6
WA,Males,60-64,2018-2019,34169,76683,44.6
WA,Males,65-69,2018-2019,22737,44217,51.4
WA,Males,70-74,2018-2019,28841,51360,56.2
WA,Males,50-74,2018-2019,131592,301379,43.7
WA,Females,50-54,2018-2019,30569,80367,38
WA,Females,55-59,2018-2019,19931,45482,43.8
WA,Females,60-64,2018-2019,38459,76876,50
WA,Females,65-69,2018-2019,24399,43721,55.8
WA,Females,70-74,2018-2019,29664,51010,58.2
WA,Females,50-74,2018-2019,143022,297456,48.1
WA,Persons,50-54,2018-2019,58477,163020,35.9
WA,Persons,55-59,2018-2019,37868,91948,41.2
WA,Persons,60-64,2018-2019,72628,153559,47.3
WA,Persons,65-69,2018-2019,47136,87938,53.6
WA,Persons,70-74,2018-2019,58505,102370,57.2
WA,Persons,50-74,2018-2019,274614,598835,45.9
SA,Males,50-54,2018-2019,18740,54099,34.6
SA,Males,55-59,2018-2019,12623,31493,40.1
SA,Males,60-64,2018-2019,25703,55011,46.7
SA,Males,65-69,2018-2019,17935,32723,54.8
SA,Males,70-74,2018-2019,23652,39701,59.6
SA,Males,50-74,2018-2019,98653,213027,46.3
SA,Females,50-54,2018-2019,21458,53830,39.9
SA,Females,55-59,2018-2019,14740,31865,46.3
SA,Females,60-64,2018-2019,29944,56610,52.9
SA,Females,65-69,2018-2019,20188,34007,59.4
SA,Females,70-74,2018-2019,25733,41927,61.4
SA,Females,50-74,2018-2019,112063,218239,51.3
SA,Persons,50-54,2018-2019,40198,107929,37.2
SA,Persons,55-59,2018-2019,27363,63358,43.2
SA,Persons,60-64,2018-2019,55647,111621,49.9
SA,Persons,65-69,2018-2019,38123,66730,57.1
SA,Persons,70-74,2018-2019,49385,81628,60.5
SA,Persons,50-74,2018-2019,210716,431266,48.9
Tas,Males,50-54,2018-2019,5382,15854,33.9
Tas,Males,55-59,2018-2019,3990,10065,39.6
Tas,Males,60-64,2018-2019,8457,18082,46.8
Tas,Males,65-69,2018-2019,5998,11016,54.4
Tas,Males,70-74,2018-2019,8002,13393,59.7
Tas,Males,50-74,2018-2019,31829,68410,46.5
Tas,Females,50-54,2018-2019,6395,16508,38.7
Tas,Females,55-59,2018-2019,4770,10488,45.5
Tas,Females,60-64,2018-2019,9923,18520,53.6
Tas,Females,65-69,2018-2019,6606,11133,59.3
Tas,Females,70-74,2018-2019,8390,13706,61.2
Tas,Females,50-74,2018-2019,36084,70355,51.3
Tas,Persons,50-54,2018-2019,11777,32362,36.4
Tas,Persons,55-59,2018-2019,8760,20553,42.6
Tas,Persons,60-64,2018-2019,18380,36602,50.2
Tas,Persons,65-69,2018-2019,12604,22149,56.9
Tas,Persons,70-74,2018-2019,16392,27099,60.5
Tas,Persons,50-74,2018-2019,67913,138765,48.9
ACT,Males,50-54,2018-2019,4321,12632,34.2
ACT,Males,55-59,2018-2019,2736,6950,39.4
ACT,Males,60-64,2018-2019,4929,11044,44.6
ACT,Males,65-69,2018-2019,3224,6398,50.4
ACT,Males,70-74,2018-2019,4210,7568,55.6
ACT,Males,50-74,2018-2019,19420,44592,43.6
ACT,Females,50-54,2018-2019,4890,12966,37.7
ACT,Females,55-59,2018-2019,3094,7101,43.6
ACT,Females,60-64,2018-2019,5837,11770,49.6
ACT,Females,65-69,2018-2019,3863,6940,55.7
ACT,Females,70-74,2018-2019,4682,8069,58
ACT,Females,50-74,2018-2019,22366,46846,47.7
ACT,Persons,50-54,2018-2019,9211,25598,36
ACT,Persons,55-59,2018-2019,5830,14051,41.5
ACT,Persons,60-64,2018-2019,10766,22814,47.2
ACT,Persons,65-69,2018-2019,7087,13338,53.1
ACT,Persons,70-74,2018-2019,8892,15637,56.9
ACT,Persons,50-74,2018-2019,41786,91438,45.7
NT,Males,50-54,2018-2019,1561,7098,22
NT,Males,55-59,2018-2019,1102,4046,27.2
NT,Males,60-64,2018-2019,1913,5966,32.1
NT,Males,65-69,2018-2019,1155,3249,35.5
NT,Males,70-74,2018-2019,1144,3053,37.5
NT,Males,50-74,2018-2019,6875,23412,29.4
NT,Females,50-54,2018-2019,1671,6667,25.1
NT,Females,55-59,2018-2019,1188,3805,31.2
NT,Females,60-64,2018-2019,1867,5433,34.4
NT,Females,65-69,2018-2019,1021,2710,37.7
NT,Females,70-74,2018-2019,997,2493,40
NT,Females,50-74,2018-2019,6744,21108,31.9
NT,Persons,50-54,2018-2019,3232,13765,23.5
NT,Persons,55-59,2018-2019,2290,7851,29.2
NT,Persons,60-64,2018-2019,3780,11399,33.2
NT,Persons,65-69,2018-2019,2176,5959,36.5
NT,Persons,70-74,2018-2019,2141,5546,38.6
NT,Persons,50-74,2018-2019,13619,44520,30.6
Australia,Males,50-54,2018-2019,234040,746025,31.4
Australia,Males,55-59,2018-2019,156283,432470,36.1
Australia,Males,60-64,2018-2019,307145,731505,42
Australia,Males,65-69,2018-2019,207841,426472,48.7
Australia,Males,70-74,2018-2019,273020,514733,53
Australia,Males,50-74,2018-2019,1178329,2851205,41.3
Australia,Females,50-54,2018-2019,266677,750521,35.5
Australia,Females,55-59,2018-2019,179356,435491,41.2
Australia,Females,60-64,2018-2019,353461,746984,47.3
Australia,Females,65-69,2018-2019,230579,435088,53
Australia,Females,70-74,2018-2019,288915,524955,55
Australia,Females,50-74,2018-2019,1318988,2893039,45.6
Australia,Persons,50-54,2018-2019,500717,1496546,33.5
Australia,Persons,55-59,2018-2019,335639,867961,38.7
Australia,Persons,60-64,2018-2019,660606,1478489,44.7
Australia,Persons,65-69,2018-2019,438420,861560,50.9
Australia,Persons,70-74,2018-2019,561935,1039688,54
Australia,Persons,50-74,2018-2019,2497317,5744244,43.5
NSW,Males,50-54,2019-2020,82345,271797,30.3
NSW,Males,55-59,2019-2020,60349,172330,35
NSW,Males,60-64,2019-2020,88409,208560,42.4
NSW,Males,65-69,2019-2020,59313,120448,49.2
NSW,Males,70-74,2019-2020,80129,150559,53.2
NSW,Males,50-74,2019-2020,370545,923694,40.1
NSW,Females,50-54,2019-2020,91688,278574,32.9
NSW,Females,55-59,2019-2020,67667,173448,39
NSW,Females,60-64,2019-2020,100134,215838,46.4
NSW,Females,65-69,2019-2020,65898,124821,52.8
NSW,Females,70-74,2019-2020,82534,153213,53.9
NSW,Females,50-74,2019-2020,407921,945894,43.1
NSW,Persons,50-54,2019-2020,174033,550371,31.6
NSW,Persons,55-59,2019-2020,128016,345778,37
NSW,Persons,60-64,2019-2020,188543,424398,44.4
NSW,Persons,65-69,2019-2020,125211,245269,51.1
NSW,Persons,70-74,2019-2020,162663,303772,53.5
NSW,Persons,50-74,2019-2020,778466,1869588,41.6
Vic,Males,50-54,2019-2020,75692,218470,34.6
Vic,Males,55-59,2019-2020,51932,132068,39.3
Vic,Males,60-64,2019-2020,74664,159102,46.9
Vic,Males,65-69,2019-2020,48779,90632,53.8
Vic,Males,70-74,2019-2020,63905,112152,57
Vic,Males,50-74,2019-2020,314972,712424,44.2
Vic,Females,50-54,2019-2020,88110,223204,39.5
Vic,Females,55-59,2019-2020,59598,133510,44.6
Vic,Females,60-64,2019-2020,86035,164949,52.2
Vic,Females,65-69,2019-2020,55448,95330,58.2
Vic,Females,70-74,2019-2020,69272,118889,58.3
Vic,Females,50-74,2019-2020,358463,735882,48.7
Vic,Persons,50-54,2019-2020,163802,441674,37.1
Vic,Persons,55-59,2019-2020,111530,265578,42
Vic,Persons,60-64,2019-2020,160699,324051,49.6
Vic,Persons,65-69,2019-2020,104227,185962,56
Vic,Persons,70-74,2019-2020,133177,231041,57.6
Vic,Persons,50-74,2019-2020,673435,1448306,46.5
Qld,Males,50-54,2019-2020,49962,173125,28.9
Qld,Males,55-59,2019-2020,35345,105638,33.5
Qld,Males,60-64,2019-2020,52145,126392,41.3
Qld,Males,65-69,2019-2020,36625,73341,49.9
Qld,Males,70-74,2019-2020,50010,92028,54.3
Qld,Males,50-74,2019-2020,224087,570524,39.3
Qld,Females,50-54,2019-2020,56447,175811,32.1
Qld,Females,55-59,2019-2020,40279,106695,37.8
Qld,Females,60-64,2019-2020,59525,128566,46.3
Qld,Females,65-69,2019-2020,39986,73954,54.1
Qld,Females,70-74,2019-2020,51361,91222,56.3
Qld,Females,50-74,2019-2020,247598,576248,43
Qld,Persons,50-54,2019-2020,106409,348936,30.5
Qld,Persons,55-59,2019-2020,75624,212333,35.6
Qld,Persons,60-64,2019-2020,111670,254958,43.8
Qld,Persons,65-69,2019-2020,76611,147295,52
Qld,Persons,70-74,2019-2020,101371,183250,55.3
Qld,Persons,50-74,2019-2020,471685,1146772,41.1
WA,Males,50-54,2019-2020,29890,89796,33.3
WA,Males,55-59,2019-2020,20406,52913,38.6
WA,Males,60-64,2019-2020,30340,65678,46.2
WA,Males,65-69,2019-2020,20448,37419,54.6
WA,Males,70-74,2019-2020,26344,44974,58.6
WA,Males,50-74,2019-2020,127428,290780,43.8
WA,Females,50-54,2019-2020,34018,91653,37.1
WA,Females,55-59,2019-2020,23452,54429,43.1
WA,Females,60-64,2019-2020,34554,66988,51.6
WA,Females,65-69,2019-2020,22415,38153,58.8
WA,Females,70-74,2019-2020,27060,45313,59.7
WA,Females,50-74,2019-2020,141499,296536,47.7
WA,Persons,50-54,2019-2020,63908,181449,35.2
WA,Persons,55-59,2019-2020,43858,107342,40.9
WA,Persons,60-64,2019-2020,64894,132666,48.9
WA,Persons,65-69,2019-2020,42863,75572,56.7
WA,Persons,70-74,2019-2020,53404,90287,59.1
WA,Persons,50-74,2019-2020,268927,587316,45.8
SA,Males,50-54,2019-2020,21172,62398,33.9
SA,Males,55-59,2019-2020,15475,39069,39.6
SA,Males,60-64,2019-2020,23380,48343,48.4
SA,Males,65-69,2019-2020,16295,28300,57.6
SA,Males,70-74,2019-2020,22150,35912,61.7
SA,Males,50-74,2019-2020,98472,214022,46
SA,Females,50-54,2019-2020,24240,61873,39.2
SA,Females,55-59,2019-2020,17682,39316,45
SA,Females,60-64,2019-2020,27075,50010,54.1
SA,Females,65-69,2019-2020,18341,29698,61.8
SA,Females,70-74,2019-2020,23757,37750,62.9
SA,Females,50-74,2019-2020,111095,218647,50.8
SA,Persons,50-54,2019-2020,45412,124271,36.5
SA,Persons,55-59,2019-2020,33157,78385,42.3
SA,Persons,60-64,2019-2020,50455,98353,51.3
SA,Persons,65-69,2019-2020,34636,57998,59.7
SA,Persons,70-74,2019-2020,45907,73662,62.3
SA,Persons,50-74,2019-2020,209567,432669,48.4
Tas,Males,50-54,2019-2020,6062,18433,32.9
Tas,Males,55-59,2019-2020,4756,12665,37.6
Tas,Males,60-64,2019-2020,7870,16314,48.2
Tas,Males,65-69,2019-2020,5529,9752,56.7
Tas,Males,70-74,2019-2020,7602,12382,61.4
Tas,Males,50-74,2019-2020,31819,69546,45.8
Tas,Females,50-54,2019-2020,7138,18982,37.6
Tas,Females,55-59,2019-2020,5779,12981,44.5
Tas,Females,60-64,2019-2020,9083,16747,54.2
Tas,Females,65-69,2019-2020,6248,10124,61.7
Tas,Females,70-74,2019-2020,7962,12666,62.9
Tas,Females,50-74,2019-2020,36210,71500,50.6
Tas,Persons,50-54,2019-2020,13200,37415,35.3
Tas,Persons,55-59,2019-2020,10535,25646,41.1
Tas,Persons,60-64,2019-2020,16953,33061,51.3
Tas,Persons,65-69,2019-2020,11777,19876,59.3
Tas,Persons,70-74,2019-2020,15564,25048,62.1
Tas,Persons,50-74,2019-2020,68029,141046,48.2
ACT,Males,50-54,2019-2020,5183,14629,35.4
ACT,Males,55-59,2019-2020,3383,8284,40.8
ACT,Males,60-64,2019-2020,4533,9516,47.6
ACT,Males,65-69,2019-2020,2951,5394,54.7
ACT,Males,70-74,2019-2020,4036,6787,59.5
ACT,Males,50-74,2019-2020,20086,44610,45
ACT,Females,50-54,2019-2020,5690,14900,38.2
ACT,Females,55-59,2019-2020,3781,8567,44.1
ACT,Females,60-64,2019-2020,5254,10269,51.2
ACT,Females,65-69,2019-2020,3480,5961,58.4
ACT,Females,70-74,2019-2020,4298,7275,59.1
ACT,Females,50-74,2019-2020,22503,46972,47.9
ACT,Persons,50-54,2019-2020,10873,29529,36.8
ACT,Persons,55-59,2019-2020,7164,16851,42.5
ACT,Persons,60-64,2019-2020,9787,19785,49.5
ACT,Persons,65-69,2019-2020,6431,11355,56.6
ACT,Persons,70-74,2019-2020,8334,14062,59.3
ACT,Persons,50-74,2019-2020,42589,91582,46.5
NT,Males,50-54,2019-2020,1455,6986,20.8
NT,Males,55-59,2019-2020,1123,4553,24.7
NT,Males,60-64,2019-2020,1281,4508,28.4
NT,Males,65-69,2019-2020,775,2439,31.8
NT,Males,70-74,2019-2020,790,2348,33.6
NT,Males,50-74,2019-2020,5424,20834,26
NT,Females,50-54,2019-2020,1564,7046,22.2
NT,Females,55-59,2019-2020,1095,4273,25.6
NT,Females,60-64,2019-2020,1364,4436,30.7
NT,Females,65-69,2019-2020,707,2267,31.2
NT,Females,70-74,2019-2020,686,2093,32.8
NT,Females,50-74,2019-2020,5416,20115,26.9
NT,Persons,50-54,2019-2020,3019,14032,21.5
NT,Persons,55-59,2019-2020,2218,8826,25.1
NT,Persons,60-64,2019-2020,2645,8944,29.6
NT,Persons,65-69,2019-2020,1482,4706,31.5
NT,Persons,70-74,2019-2020,1476,4441,33.2
NT,Persons,50-74,2019-2020,10840,40949,26.5
Australia,Males,50-54,2019-2020,271761,855634,31.8
Australia,Males,55-59,2019-2020,192769,527520,36.5
Australia,Males,60-64,2019-2020,282622,638413,44.3
Australia,Males,65-69,2019-2020,190715,367725,51.9
Australia,Males,70-74,2019-2020,254966,457142,55.8
Australia,Males,50-74,2019-2020,1192833,2846434,41.9
Australia,Females,50-54,2019-2020,308895,872043,35.4
Australia,Females,55-59,2019-2020,219333,533219,41.1
Australia,Females,60-64,2019-2020,323024,657803,49.1
Australia,Females,65-69,2019-2020,212523,380308,55.9
Australia,Females,70-74,2019-2020,266930,468421,57
Australia,Females,50-74,2019-2020,1330705,2911794,45.7
Australia,Persons,50-54,2019-2020,580656,1727677,33.6
Australia,Persons,55-59,2019-2020,412102,1060739,38.9
Australia,Persons,60-64,2019-2020,605646,1296216,46.7
Australia,Persons,65-69,2019-2020,403238,748033,53.9
Australia,Persons,70-74,2019-2020,521896,925563,56.4
Australia,Persons,50-74,2019-2020,2523538,5758228,43.8
NSW,Males,50-54,2020-2021,84464,285976,29.5
NSW,Males,55-59,2020-2021,58699,175854,33.4
NSW,Males,60-64,2020-2021,90359,228883,39.5
NSW,Males,65-69,2020-2021,60226,130020,46.3
NSW,Males,70-74,2020-2021,80137,161651,49.6
NSW,Males,50-74,2020-2021,373885,982384,38.1
NSW,Females,50-54,2020-2021,92340,291804,31.6
NSW,Females,55-59,2020-2021,65098,173230,37.6
NSW,Females,60-64,2020-2021,100964,230825,43.7
NSW,Females,65-69,2020-2021,66593,133282,50
NSW,Females,70-74,2020-2021,82112,163590,50.2
NSW,Females,50-74,2020-2021,407107,992731,41
NSW,Persons,50-54,2020-2021,176804,577780,30.6
NSW,Persons,55-59,2020-2021,123797,349084,35.5
NSW,Persons,60-64,2020-2021,191323,459708,41.6
NSW,Persons,65-69,2020-2021,126819,263302,48.2
NSW,Persons,70-74,2020-2021,162249,325241,49.9
NSW,Persons,50-74,2020-2021,780992,1975115,39.5
Vic,Males,50-54,2020-2021,77031,231759,33.2
Vic,Males,55-59,2020-2021,51036,137480,37.1
Vic,Males,60-64,2020-2021,76012,174733,43.5
Vic,Males,65-69,2020-2021,49744,98183,50.7
Vic,Males,70-74,2020-2021,64374,121588,52.9
Vic,Males,50-74,2020-2021,318197,763743,41.7
Vic,Females,50-54,2020-2021,87238,233042,37.4
Vic,Females,55-59,2020-2021,57858,135558,42.7
Vic,Females,60-64,2020-2021,86426,176889,48.9
Vic,Females,65-69,2020-2021,56052,101234,55.4
Vic,Females,70-74,2020-2021,69396,126889,54.7
Vic,Females,50-74,2020-2021,356970,773612,46.1
Vic,Persons,50-54,2020-2021,164269,464801,35.3
Vic,Persons,55-59,2020-2021,108894,273038,39.9
Vic,Persons,60-64,2020-2021,162438,351622,46.2
Vic,Persons,65-69,2020-2021,105796,199417,53.1
Vic,Persons,70-74,2020-2021,133770,248477,53.8
Vic,Persons,50-74,2020-2021,675167,1537355,43.9
Qld,Males,50-54,2020-2021,48237,183945,26.2
Qld,Males,55-59,2020-2021,33223,109409,30.4
Qld,Males,60-64,2020-2021,50717,138006,36.7
Qld,Males,65-69,2020-2021,35481,78224,45.4
Qld,Males,70-74,2020-2021,48623,98372,49.4
Qld,Males,50-74,2020-2021,216281,607956,35.6
Qld,Females,50-54,2020-2021,53284,180005,29.6
Qld,Females,55-59,2020-2021,37459,107817,34.7
Qld,Females,60-64,2020-2021,57473,137623,41.8
Qld,Females,65-69,2020-2021,38909,78044,49.9
Qld,Females,70-74,2020-2021,49421,96154,51.4
Qld,Females,50-74,2020-2021,236546,599643,39.4
Qld,Persons,50-54,2020-2021,101521,363950,27.9
Qld,Persons,55-59,2020-2021,70682,217226,32.5
Qld,Persons,60-64,2020-2021,108190,275629,39.3
Qld,Persons,65-69,2020-2021,74390,156268,47.6
Qld,Persons,70-74,2020-2021,98044,194526,50.4
Qld,Persons,50-74,2020-2021,452827,1207599,37.5
WA,Males,50-54,2020-2021,29450,98292,30
WA,Males,55-59,2020-2021,20289,58960,34.4
WA,Males,60-64,2020-2021,29310,71195,41.2
WA,Males,65-69,2020-2021,20079,40375,49.7
WA,Males,70-74,2020-2021,25856,48472,53.3
WA,Males,50-74,2020-2021,124984,317294,39.4
WA,Females,50-54,2020-2021,32220,96369,33.4
WA,Females,55-59,2020-2021,22221,56493,39.3
WA,Females,60-64,2020-2021,33311,71225,46.8
WA,Females,65-69,2020-2021,22212,41024,54.1
WA,Females,70-74,2020-2021,26591,48459,54.9
WA,Females,50-74,2020-2021,136555,313570,43.5
WA,Persons,50-54,2020-2021,61670,194661,31.7
WA,Persons,55-59,2020-2021,42510,115453,36.8
WA,Persons,60-64,2020-2021,62621,142420,44
WA,Persons,65-69,2020-2021,42291,81399,52
WA,Persons,70-74,2020-2021,52447,96931,54.1
WA,Persons,50-74,2020-2021,261539,630864,41.5
SA,Males,50-54,2020-2021,19959,64572,30.9
SA,Males,55-59,2020-2021,14490,40237,36
SA,Males,60-64,2020-2021,22443,52453,42.8
SA,Males,65-69,2020-2021,15822,30067,52.6
SA,Males,70-74,2020-2021,21475,38000,56.5
SA,Males,50-74,2020-2021,94189,225329,41.8
SA,Females,50-54,2020-2021,22710,62599,36.3
SA,Females,55-59,2020-2021,16303,39026,41.8
SA,Females,60-64,2020-2021,26174,52925,49.5
SA,Females,65-69,2020-2021,17741,30776,57.6
SA,Females,70-74,2020-2021,22735,39300,57.8
SA,Females,50-74,2020-2021,105663,224626,47
SA,Persons,50-54,2020-2021,42669,127171,33.6
SA,Persons,55-59,2020-2021,30793,79263,38.8
SA,Persons,60-64,2020-2021,48617,105378,46.1
SA,Persons,65-69,2020-2021,33563,60843,55.2
SA,Persons,70-74,2020-2021,44210,77300,57.2
SA,Persons,50-74,2020-2021,199852,449955,44.4
Tas,Males,50-54,2020-2021,5945,19451,30.6
Tas,Males,55-59,2020-2021,4436,12880,34.4
Tas,Males,60-64,2020-2021,7779,17957,43.3
Tas,Males,65-69,2020-2021,5419,10438,51.9
Tas,Males,70-74,2020-2021,7527,13400,56.2
Tas,Males,50-74,2020-2021,31106,74126,42
Tas,Females,50-54,2020-2021,6904,19931,34.6
Tas,Females,55-59,2020-2021,5399,13072,41.3
Tas,Females,60-64,2020-2021,8992,18245,49.3
Tas,Females,65-69,2020-2021,6223,10738,58
Tas,Females,70-74,2020-2021,7843,13509,58.1
Tas,Females,50-74,2020-2021,35361,75495,46.8
Tas,Persons,50-54,2020-2021,12849,39382,32.6
Tas,Persons,55-59,2020-2021,9835,25952,37.9
Tas,Persons,60-64,2020-2021,16771,36202,46.3
Tas,Persons,65-69,2020-2021,11642,21176,55
Tas,Persons,70-74,2020-2021,15370,26909,57.1
Tas,Persons,50-74,2020-2021,66467,149621,44.4
ACT,Males,50-54,2020-2021,5189,15243,34
ACT,Males,55-59,2020-2021,3295,8444,39
ACT,Males,60-64,2020-2021,4524,10264,44.1
ACT,Males,65-69,2020-2021,2903,5577,52.1
ACT,Males,70-74,2020-2021,3981,7157,55.6
ACT,Males,50-74,2020-2021,19892,46685,42.6
ACT,Females,50-54,2020-2021,5561,15119,36.8
ACT,Females,55-59,2020-2021,3487,8460,41.2
ACT,Females,60-64,2020-2021,5168,10797,47.9
ACT,Females,65-69,2020-2021,3396,6081,55.8
ACT,Females,70-74,2020-2021,4264,7752,55
ACT,Females,50-74,2020-2021,21876,48209,45.4
ACT,Persons,50-54,2020-2021,10750,30362,35.4
ACT,Persons,55-59,2020-2021,6782,16904,40.1
ACT,Persons,60-64,2020-2021,9692,21061,46
ACT,Persons,65-69,2020-2021,6299,11658,54
ACT,Persons,70-74,2020-2021,8245,14909,55.3
ACT,Persons,50-74,2020-2021,41768,94894,44
NT,Males,50-54,2020-2021,1415,7925,17.9
NT,Males,55-59,2020-2021,1086,4759,22.8
NT,Males,60-64,2020-2021,1424,5321,26.8
NT,Males,65-69,2020-2021,934,2947,31.7
NT,Males,70-74,2020-2021,971,2872,33.8
NT,Males,50-74,2020-2021,5830,23824,24.5
NT,Females,50-54,2020-2021,1506,7372,20.4
NT,Females,55-59,2020-2021,1090,4328,25.2
NT,Females,60-64,2020-2021,1505,4999,30.1
NT,Females,65-69,2020-2021,871,2623,33.2
NT,Females,70-74,2020-2021,851,2430,35
NT,Females,50-74,2020-2021,5823,21752,26.8
NT,Persons,50-54,2020-2021,2921,15297,19.1
NT,Persons,55-59,2020-2021,2176,9087,23.9
NT,Persons,60-64,2020-2021,2929,10320,28.4
NT,Persons,65-69,2020-2021,1805,5570,32.4
NT,Persons,70-74,2020-2021,1822,5302,34.4
NT,Persons,50-74,2020-2021,11653,45576,25.6
Australia,Males,50-54,2020-2021,271690,907163,29.9
Australia,Males,55-59,2020-2021,186554,548023,34
Australia,Males,60-64,2020-2021,282568,698812,40.4
Australia,Males,65-69,2020-2021,190608,395831,48.2
Australia,Males,70-74,2020-2021,252944,491512,51.5
Australia,Males,50-74,2020-2021,1184364,3041341,38.9
Australia,Females,50-54,2020-2021,301763,906241,33.3
Australia,Females,55-59,2020-2021,208915,537984,38.8
Australia,Females,60-64,2020-2021,320013,703528,45.5
Australia,Females,65-69,2020-2021,211997,403802,52.5
Australia,Females,70-74,2020-2021,263213,498083,52.8
Australia,Females,50-74,2020-2021,1305901,3049638,42.8
Australia,Persons,50-54,2020-2021,573453,1813404,31.6
Australia,Persons,55-59,2020-2021,395469,1086007,36.4
Australia,Persons,60-64,2020-2021,602581,1402340,43
Australia,Persons,65-69,2020-2021,402605,799633,50.3
Australia,Persons,70-74,2020-2021,516157,989595,52.2
Australia,Persons,50-74,2020-2021,2490265,6090979,40.9